geocod;geodsg;dim_3;dim_3_t;dim_4;dim_4_t;sinal_conv;sinal_conv_desc;ind_string;valor;periodo
1;Continente;1;H;1;Nenhum;§;Desvio do padrão de qualidade/Coeficiente de variação elevado;10,7 §;10.7;4.º Trimestre de 2024
11;Norte;1;H;1;Nenhum;x;Dado não disponível;x;;4.º Trimestre de 2024
15;Algarve;1;H;1;Nenhum;x;Dado não disponível;x;;4.º Trimestre de 2024
16;Centro;1;H;1;Nenhum;x;Dado não disponível;x;;4.º Trimestre de 2024
17;Área Metropolitana de Lisboa;1;H;1;Nenhum;x;Dado não disponível;x;;4.º Trimestre de 2024
18;Alentejo;1;H;1;Nenhum;x;Dado não disponível;x;;4.º Trimestre de 2024
2;Região Autónoma dos Açores;1;H;1;Nenhum;x;Dado não disponível;x;;4.º Trimestre de 2024
20;Região Autónoma dos Açores;1;H;1;Nenhum;x;Dado não disponível;x;;4.º Trimestre de 2024
3;Região Autónoma da Madeira;1;H;1;Nenhum;x;Dado não disponível;x;;4.º Trimestre de 2024
30;Região Autónoma da Madeira;1;H;1;Nenhum;x;Dado não disponível;x;;4.º Trimestre de 2024
PT;Portugal;1;H;1;Nenhum;;;13,5;13.5;4.º Trimestre de 2024
1;Continente;2;M;1;Nenhum;§;Desvio do padrão de qualidade/Coeficiente de variação elevado;10,6 §;10.6;4.º Trimestre de 2024
11;Norte;2;M;1;Nenhum;x;Dado não disponível;x;;4.º Trimestre de 2024
15;Algarve;2;M;1;Nenhum;x;Dado não disponível;x;;4.º Trimestre de 2024
16;Centro;2;M;1;Nenhum;x;Dado não disponível;x;;4.º Trimestre de 2024
17;Área Metropolitana de Lisboa;2;M;1;Nenhum;x;Dado não disponível;x;;4.º Trimestre de 2024
18;Alentejo;2;M;1;Nenhum;x;Dado não disponível;x;;4.º Trimestre de 2024
2;Região Autónoma dos Açores;2;M;1;Nenhum;x;Dado não disponível;x;;4.º Trimestre de 2024
20;Região Autónoma dos Açores;2;M;1;Nenhum;x;Dado não disponível;x;;4.º Trimestre de 2024
3;Região Autónoma da Madeira;2;M;1;Nenhum;x;Dado não disponível;x;;4.º Trimestre de 2024
30;Região Autónoma da Madeira;2;M;1;Nenhum;x;Dado não disponível;x;;4.º Trimestre de 2024
PT;Portugal;2;M;1;Nenhum;;;11,3;11.3;4.º Trimestre de 2024
1;Continente;T;HM;1;Nenhum;;;21,3;21.3;4.º Trimestre de 2024
11;Norte;T;HM;1;Nenhum;x;Dado não disponível;x;;4.º Trimestre de 2024
15;Algarve;T;HM;1;Nenhum;x;Dado não disponível;x;;4.º Trimestre de 2024
16;Centro;T;HM;1;Nenhum;x;Dado não disponível;x;;4.º Trimestre de 2024
17;Área Metropolitana de Lisboa;T;HM;1;Nenhum;x;Dado não disponível;x;;4.º Trimestre de 2024
18;Alentejo;T;HM;1;Nenhum;x;Dado não disponível;x;;4.º Trimestre de 2024
2;Região Autónoma dos Açores;T;HM;1;Nenhum;x;Dado não disponível;x;;4.º Trimestre de 2024
20;Região Autónoma dos Açores;T;HM;1;Nenhum;x;Dado não disponível;x;;4.º Trimestre de 2024
3;Região Autónoma da Madeira;T;HM;1;Nenhum;x;Dado não disponível;x;;4.º Trimestre de 2024
30;Região Autónoma da Madeira;T;HM;1;Nenhum;x;Dado não disponível;x;;4.º Trimestre de 2024
PT;Portugal;T;HM;1;Nenhum;;;24,8;24.8;4.º Trimestre de 2024
1;Continente;1;H;2;Básico - 1º Ciclo;;;108,4;108.4;4.º Trimestre de 2024
11;Norte;1;H;2;Básico - 1º Ciclo;;;51,9;51.9;4.º Trimestre de 2024
15;Algarve;1;H;2;Básico - 1º Ciclo;§;Desvio do padrão de qualidade/Coeficiente de variação elevado;5,2 §;5.2;4.º Trimestre de 2024
16;Centro;1;H;2;Básico - 1º Ciclo;§;Desvio do padrão de qualidade/Coeficiente de variação elevado;26,3 §;26.3;4.º Trimestre de 2024
17;Área Metropolitana de Lisboa;1;H;2;Básico - 1º Ciclo;§;Desvio do padrão de qualidade/Coeficiente de variação elevado;15,8 §;15.8;4.º Trimestre de 2024
18;Alentejo;1;H;2;Básico - 1º Ciclo;§;Desvio do padrão de qualidade/Coeficiente de variação elevado;9,3 §;9.3;4.º Trimestre de 2024
2;Região Autónoma dos Açores;1;H;2;Básico - 1º Ciclo;§;Desvio do padrão de qualidade/Coeficiente de variação elevado;5,3 §;5.3;4.º Trimestre de 2024
20;Região Autónoma dos Açores;1;H;2;Básico - 1º Ciclo;§;Desvio do padrão de qualidade/Coeficiente de variação elevado;5,3 §;5.3;4.º Trimestre de 2024
3;Região Autónoma da Madeira;1;H;2;Básico - 1º Ciclo;§;Desvio do padrão de qualidade/Coeficiente de variação elevado;5,5 §;5.5;4.º Trimestre de 2024
30;Região Autónoma da Madeira;1;H;2;Básico - 1º Ciclo;§;Desvio do padrão de qualidade/Coeficiente de variação elevado;5,5 §;5.5;4.º Trimestre de 2024
PT;Portugal;1;H;2;Básico - 1º Ciclo;;;119,2;119.2;4.º Trimestre de 2024
1;Continente;2;M;2;Básico - 1º Ciclo;;;115,4;115.4;4.º Trimestre de 2024
11;Norte;2;M;2;Básico - 1º Ciclo;;;53,3;53.3;4.º Trimestre de 2024
15;Algarve;2;M;2;Básico - 1º Ciclo;§;Desvio do padrão de qualidade/Coeficiente de variação elevado;5,3 §;5.3;4.º Trimestre de 2024
16;Centro;2;M;2;Básico - 1º Ciclo;§;Desvio do padrão de qualidade/Coeficiente de variação elevado;22,8 §;22.8;4.º Trimestre de 2024
17;Área Metropolitana de Lisboa;2;M;2;Básico - 1º Ciclo;§;Desvio do padrão de qualidade/Coeficiente de variação elevado;27,5 §;27.5;4.º Trimestre de 2024
18;Alentejo;2;M;2;Básico - 1º Ciclo;§;Desvio do padrão de qualidade/Coeficiente de variação elevado;6,4 §;6.4;4.º Trimestre de 2024
2;Região Autónoma dos Açores;2;M;2;Básico - 1º Ciclo;§;Desvio do padrão de qualidade/Coeficiente de variação elevado;3,0 §;3;4.º Trimestre de 2024
20;Região Autónoma dos Açores;2;M;2;Básico - 1º Ciclo;§;Desvio do padrão de qualidade/Coeficiente de variação elevado;3,0 §;3;4.º Trimestre de 2024
3;Região Autónoma da Madeira;2;M;2;Básico - 1º Ciclo;§;Desvio do padrão de qualidade/Coeficiente de variação elevado;4,5 §;4.5;4.º Trimestre de 2024
30;Região Autónoma da Madeira;2;M;2;Básico - 1º Ciclo;§;Desvio do padrão de qualidade/Coeficiente de variação elevado;4,5 §;4.5;4.º Trimestre de 2024
PT;Portugal;2;M;2;Básico - 1º Ciclo;;;122,9;122.9;4.º Trimestre de 2024
1;Continente;T;HM;2;Básico - 1º Ciclo;;;223,8;223.8;4.º Trimestre de 2024
11;Norte;T;HM;2;Básico - 1º Ciclo;;;105,3;105.3;4.º Trimestre de 2024
15;Algarve;T;HM;2;Básico - 1º Ciclo;§;Desvio do padrão de qualidade/Coeficiente de variação elevado;10,5 §;10.5;4.º Trimestre de 2024
16;Centro;T;HM;2;Básico - 1º Ciclo;;;49,1;49.1;4.º Trimestre de 2024
17;Área Metropolitana de Lisboa;T;HM;2;Básico - 1º Ciclo;§;Desvio do padrão de qualidade/Coeficiente de variação elevado;43,3 §;43.3;4.º Trimestre de 2024
18;Alentejo;T;HM;2;Básico - 1º Ciclo;§;Desvio do padrão de qualidade/Coeficiente de variação elevado;15,7 §;15.7;4.º Trimestre de 2024
2;Região Autónoma dos Açores;T;HM;2;Básico - 1º Ciclo;§;Desvio do padrão de qualidade/Coeficiente de variação elevado;8,3 §;8.3;4.º Trimestre de 2024
20;Região Autónoma dos Açores;T;HM;2;Básico - 1º Ciclo;§;Desvio do padrão de qualidade/Coeficiente de variação elevado;8,3 §;8.3;4.º Trimestre de 2024
3;Região Autónoma da Madeira;T;HM;2;Básico - 1º Ciclo;;;10,0;10;4.º Trimestre de 2024
30;Região Autónoma da Madeira;T;HM;2;Básico - 1º Ciclo;;;10,0;10;4.º Trimestre de 2024
PT;Portugal;T;HM;2;Básico - 1º Ciclo;;;242,1;242.1;4.º Trimestre de 2024
1;Continente;1;H;3;Básico - 2º Ciclo;;;206,7;206.7;4.º Trimestre de 2024
11;Norte;1;H;3;Básico - 2º Ciclo;;;93,2;93.2;4.º Trimestre de 2024
15;Algarve;1;H;3;Básico - 2º Ciclo;§;Desvio do padrão de qualidade/Coeficiente de variação elevado;9,7 §;9.7;4.º Trimestre de 2024
16;Centro;1;H;3;Básico - 2º Ciclo;§;Desvio do padrão de qualidade/Coeficiente de variação elevado;47,7 §;47.7;4.º Trimestre de 2024
17;Área Metropolitana de Lisboa;1;H;3;Básico - 2º Ciclo;§;Desvio do padrão de qualidade/Coeficiente de variação elevado;38,7 §;38.7;4.º Trimestre de 2024
18;Alentejo;1;H;3;Básico - 2º Ciclo;§;Desvio do padrão de qualidade/Coeficiente de variação elevado;17,4 §;17.4;4.º Trimestre de 2024
2;Região Autónoma dos Açores;1;H;3;Básico - 2º Ciclo;;;9,4;9.4;4.º Trimestre de 2024
20;Região Autónoma dos Açores;1;H;3;Básico - 2º Ciclo;;;9,4;9.4;4.º Trimestre de 2024
3;Região Autónoma da Madeira;1;H;3;Básico - 2º Ciclo;§;Desvio do padrão de qualidade/Coeficiente de variação elevado;8,7 §;8.7;4.º Trimestre de 2024
30;Região Autónoma da Madeira;1;H;3;Básico - 2º Ciclo;§;Desvio do padrão de qualidade/Coeficiente de variação elevado;8,7 §;8.7;4.º Trimestre de 2024
PT;Portugal;1;H;3;Básico - 2º Ciclo;;;224,8;224.8;4.º Trimestre de 2024
1;Continente;2;M;3;Básico - 2º Ciclo;;;137,0;137;4.º Trimestre de 2024
11;Norte;2;M;3;Básico - 2º Ciclo;;;68,1;68.1;4.º Trimestre de 2024
15;Algarve;2;M;3;Básico - 2º Ciclo;§;Desvio do padrão de qualidade/Coeficiente de variação elevado;4,8 §;4.8;4.º Trimestre de 2024
16;Centro;2;M;3;Básico - 2º Ciclo;§;Desvio do padrão de qualidade/Coeficiente de variação elevado;26,5 §;26.5;4.º Trimestre de 2024
17;Área Metropolitana de Lisboa;2;M;3;Básico - 2º Ciclo;§;Desvio do padrão de qualidade/Coeficiente de variação elevado;28,8 §;28.8;4.º Trimestre de 2024
18;Alentejo;2;M;3;Básico - 2º Ciclo;§;Desvio do padrão de qualidade/Coeficiente de variação elevado;8,7 §;8.7;4.º Trimestre de 2024
2;Região Autónoma dos Açores;2;M;3;Básico - 2º Ciclo;§;Desvio do padrão de qualidade/Coeficiente de variação elevado;6,9 §;6.9;4.º Trimestre de 2024
20;Região Autónoma dos Açores;2;M;3;Básico - 2º Ciclo;§;Desvio do padrão de qualidade/Coeficiente de variação elevado;6,9 §;6.9;4.º Trimestre de 2024
3;Região Autónoma da Madeira;2;M;3;Básico - 2º Ciclo;§;Desvio do padrão de qualidade/Coeficiente de variação elevado;7,3 §;7.3;4.º Trimestre de 2024
30;Região Autónoma da Madeira;2;M;3;Básico - 2º Ciclo;§;Desvio do padrão de qualidade/Coeficiente de variação elevado;7,3 §;7.3;4.º Trimestre de 2024
PT;Portugal;2;M;3;Básico - 2º Ciclo;;;151,2;151.2;4.º Trimestre de 2024
1;Continente;T;HM;3;Básico - 2º Ciclo;;;343,7;343.7;4.º Trimestre de 2024
11;Norte;T;HM;3;Básico - 2º Ciclo;;;161,3;161.3;4.º Trimestre de 2024
15;Algarve;T;HM;3;Básico - 2º Ciclo;;;14,5;14.5;4.º Trimestre de 2024
16;Centro;T;HM;3;Básico - 2º Ciclo;;;74,2;74.2;4.º Trimestre de 2024
17;Área Metropolitana de Lisboa;T;HM;3;Básico - 2º Ciclo;;;67,5;67.5;4.º Trimestre de 2024
18;Alentejo;T;HM;3;Básico - 2º Ciclo;;;26,2;26.2;4.º Trimestre de 2024
2;Região Autónoma dos Açores;T;HM;3;Básico - 2º Ciclo;;;16,3;16.3;4.º Trimestre de 2024
20;Região Autónoma dos Açores;T;HM;3;Básico - 2º Ciclo;;;16,3;16.3;4.º Trimestre de 2024
3;Região Autónoma da Madeira;T;HM;3;Básico - 2º Ciclo;;;16,0;16;4.º Trimestre de 2024
30;Região Autónoma da Madeira;T;HM;3;Básico - 2º Ciclo;;;16,0;16;4.º Trimestre de 2024
PT;Portugal;T;HM;3;Básico - 2º Ciclo;;;376,0;376;4.º Trimestre de 2024
1;Continente;1;H;4;Básico - 3º Ciclo;;;379,7;379.7;4.º Trimestre de 2024
11;Norte;1;H;4;Básico - 3º Ciclo;;;139,4;139.4;4.º Trimestre de 2024
15;Algarve;1;H;4;Básico - 3º Ciclo;;;21,5;21.5;4.º Trimestre de 2024
16;Centro;1;H;4;Básico - 3º Ciclo;;;95,4;95.4;4.º Trimestre de 2024
17;Área Metropolitana de Lisboa;1;H;4;Básico - 3º Ciclo;;;90,8;90.8;4.º Trimestre de 2024
18;Alentejo;1;H;4;Básico - 3º Ciclo;;;32,6;32.6;4.º Trimestre de 2024
2;Região Autónoma dos Açores;1;H;4;Básico - 3º Ciclo;;;12,8;12.8;4.º Trimestre de 2024
20;Região Autónoma dos Açores;1;H;4;Básico - 3º Ciclo;;;12,8;12.8;4.º Trimestre de 2024
3;Região Autónoma da Madeira;1;H;4;Básico - 3º Ciclo;;;11,1;11.1;4.º Trimestre de 2024
30;Região Autónoma da Madeira;1;H;4;Básico - 3º Ciclo;;;11,1;11.1;4.º Trimestre de 2024
PT;Portugal;1;H;4;Básico - 3º Ciclo;;;403,6;403.6;4.º Trimestre de 2024
1;Continente;2;M;4;Básico - 3º Ciclo;;;294,7;294.7;4.º Trimestre de 2024
11;Norte;2;M;4;Básico - 3º Ciclo;;;107,1;107.1;4.º Trimestre de 2024
15;Algarve;2;M;4;Básico - 3º Ciclo;;;17,8;17.8;4.º Trimestre de 2024
16;Centro;2;M;4;Básico - 3º Ciclo;;;65,6;65.6;4.º Trimestre de 2024
17;Área Metropolitana de Lisboa;2;M;4;Básico - 3º Ciclo;;;79,9;79.9;4.º Trimestre de 2024
18;Alentejo;2;M;4;Básico - 3º Ciclo;;;24,2;24.2;4.º Trimestre de 2024
2;Região Autónoma dos Açores;2;M;4;Básico - 3º Ciclo;;;9,9;9.9;4.º Trimestre de 2024
20;Região Autónoma dos Açores;2;M;4;Básico - 3º Ciclo;;;9,9;9.9;4.º Trimestre de 2024
3;Região Autónoma da Madeira;2;M;4;Básico - 3º Ciclo;§;Desvio do padrão de qualidade/Coeficiente de variação elevado;7,7 §;7.7;4.º Trimestre de 2024
30;Região Autónoma da Madeira;2;M;4;Básico - 3º Ciclo;§;Desvio do padrão de qualidade/Coeficiente de variação elevado;7,7 §;7.7;4.º Trimestre de 2024
PT;Portugal;2;M;4;Básico - 3º Ciclo;;;312,3;312.3;4.º Trimestre de 2024
1;Continente;T;HM;4;Básico - 3º Ciclo;;;674,4;674.4;4.º Trimestre de 2024
11;Norte;T;HM;4;Básico - 3º Ciclo;;;246,4;246.4;4.º Trimestre de 2024
15;Algarve;T;HM;4;Básico - 3º Ciclo;;;39,3;39.3;4.º Trimestre de 2024
16;Centro;T;HM;4;Básico - 3º Ciclo;;;161,0;161;4.º Trimestre de 2024
17;Área Metropolitana de Lisboa;T;HM;4;Básico - 3º Ciclo;;;170,7;170.7;4.º Trimestre de 2024
18;Alentejo;T;HM;4;Básico - 3º Ciclo;;;56,9;56.9;4.º Trimestre de 2024
2;Região Autónoma dos Açores;T;HM;4;Básico - 3º Ciclo;;;22,7;22.7;4.º Trimestre de 2024
20;Região Autónoma dos Açores;T;HM;4;Básico - 3º Ciclo;;;22,7;22.7;4.º Trimestre de 2024
3;Região Autónoma da Madeira;T;HM;4;Básico - 3º Ciclo;;;18,8;18.8;4.º Trimestre de 2024
30;Região Autónoma da Madeira;T;HM;4;Básico - 3º Ciclo;;;18,8;18.8;4.º Trimestre de 2024
PT;Portugal;T;HM;4;Básico - 3º Ciclo;;;715,9;715.9;4.º Trimestre de 2024
1;Continente;1;H;5;Secundário e pós-secundário;;;717,1;717.1;4.º Trimestre de 2024
11;Norte;1;H;5;Secundário e pós-secundário;;;248,5;248.5;4.º Trimestre de 2024
15;Algarve;1;H;5;Secundário e pós-secundário;;;32,4;32.4;4.º Trimestre de 2024
16;Centro;1;H;5;Secundário e pós-secundário;;;156,2;156.2;4.º Trimestre de 2024
17;Área Metropolitana de Lisboa;1;H;5;Secundário e pós-secundário;;;224,6;224.6;4.º Trimestre de 2024
18;Alentejo;1;H;5;Secundário e pós-secundário;;;55,3;55.3;4.º Trimestre de 2024
2;Região Autónoma dos Açores;1;H;5;Secundário e pós-secundário;;;14,8;14.8;4.º Trimestre de 2024
20;Região Autónoma dos Açores;1;H;5;Secundário e pós-secundário;;;14,8;14.8;4.º Trimestre de 2024
3;Região Autónoma da Madeira;1;H;5;Secundário e pós-secundário;;;16,1;16.1;4.º Trimestre de 2024
30;Região Autónoma da Madeira;1;H;5;Secundário e pós-secundário;;;16,1;16.1;4.º Trimestre de 2024
PT;Portugal;1;H;5;Secundário e pós-secundário;;;748,1;748.1;4.º Trimestre de 2024
1;Continente;2;M;5;Secundário e pós-secundário;;;681,0;681;4.º Trimestre de 2024
11;Norte;2;M;5;Secundário e pós-secundário;;;230,4;230.4;4.º Trimestre de 2024
15;Algarve;2;M;5;Secundário e pós-secundário;;;37,2;37.2;4.º Trimestre de 2024
16;Centro;2;M;5;Secundário e pós-secundário;;;159,3;159.3;4.º Trimestre de 2024
17;Área Metropolitana de Lisboa;2;M;5;Secundário e pós-secundário;;;202,6;202.6;4.º Trimestre de 2024
18;Alentejo;2;M;5;Secundário e pós-secundário;;;51,6;51.6;4.º Trimestre de 2024
2;Região Autónoma dos Açores;2;M;5;Secundário e pós-secundário;;;16,9;16.9;4.º Trimestre de 2024
20;Região Autónoma dos Açores;2;M;5;Secundário e pós-secundário;;;16,9;16.9;4.º Trimestre de 2024
3;Região Autónoma da Madeira;2;M;5;Secundário e pós-secundário;;;17,4;17.4;4.º Trimestre de 2024
30;Região Autónoma da Madeira;2;M;5;Secundário e pós-secundário;;;17,4;17.4;4.º Trimestre de 2024
PT;Portugal;2;M;5;Secundário e pós-secundário;;;715,4;715.4;4.º Trimestre de 2024
1;Continente;T;HM;5;Secundário e pós-secundário;;;1 398,2;1398.2;4.º Trimestre de 2024
11;Norte;T;HM;5;Secundário e pós-secundário;;;478,9;478.9;4.º Trimestre de 2024
15;Algarve;T;HM;5;Secundário e pós-secundário;;;69,6;69.6;4.º Trimestre de 2024
16;Centro;T;HM;5;Secundário e pós-secundário;;;315,5;315.5;4.º Trimestre de 2024
17;Área Metropolitana de Lisboa;T;HM;5;Secundário e pós-secundário;;;427,2;427.2;4.º Trimestre de 2024
18;Alentejo;T;HM;5;Secundário e pós-secundário;;;106,9;106.9;4.º Trimestre de 2024
2;Região Autónoma dos Açores;T;HM;5;Secundário e pós-secundário;;;31,7;31.7;4.º Trimestre de 2024
20;Região Autónoma dos Açores;T;HM;5;Secundário e pós-secundário;;;31,7;31.7;4.º Trimestre de 2024
3;Região Autónoma da Madeira;T;HM;5;Secundário e pós-secundário;;;33,5;33.5;4.º Trimestre de 2024
30;Região Autónoma da Madeira;T;HM;5;Secundário e pós-secundário;;;33,5;33.5;4.º Trimestre de 2024
PT;Portugal;T;HM;5;Secundário e pós-secundário;;;1 463,4;1463.4;4.º Trimestre de 2024
1;Continente;1;H;6;Superior;;;593,2;593.2;4.º Trimestre de 2024
11;Norte;1;H;6;Superior;;;205,3;205.3;4.º Trimestre de 2024
15;Algarve;1;H;6;Superior;;;21,5;21.5;4.º Trimestre de 2024
16;Centro;1;H;6;Superior;;;117,5;117.5;4.º Trimestre de 2024
17;Área Metropolitana de Lisboa;1;H;6;Superior;;;223,6;223.6;4.º Trimestre de 2024
18;Alentejo;1;H;6;Superior;;;25,5;25.5;4.º Trimestre de 2024
2;Região Autónoma dos Açores;1;H;6;Superior;§;Desvio do padrão de qualidade/Coeficiente de variação elevado;8,0 §;8;4.º Trimestre de 2024
20;Região Autónoma dos Açores;1;H;6;Superior;§;Desvio do padrão de qualidade/Coeficiente de variação elevado;8,0 §;8;4.º Trimestre de 2024
3;Região Autónoma da Madeira;1;H;6;Superior;;;11,5;11.5;4.º Trimestre de 2024
30;Região Autónoma da Madeira;1;H;6;Superior;;;11,5;11.5;4.º Trimestre de 2024
PT;Portugal;1;H;6;Superior;;;612,7;612.7;4.º Trimestre de 2024
1;Continente;2;M;6;Superior;;;899,7;899.7;4.º Trimestre de 2024
11;Norte;2;M;6;Superior;;;302,3;302.3;4.º Trimestre de 2024
15;Algarve;2;M;6;Superior;;;33,7;33.7;4.º Trimestre de 2024
16;Centro;2;M;6;Superior;;;190,5;190.5;4.º Trimestre de 2024
17;Área Metropolitana de Lisboa;2;M;6;Superior;;;323,3;323.3;4.º Trimestre de 2024
18;Alentejo;2;M;6;Superior;;;49,8;49.8;4.º Trimestre de 2024
2;Região Autónoma dos Açores;2;M;6;Superior;;;14,1;14.1;4.º Trimestre de 2024
20;Região Autónoma dos Açores;2;M;6;Superior;;;14,1;14.1;4.º Trimestre de 2024
3;Região Autónoma da Madeira;2;M;6;Superior;;;19,4;19.4;4.º Trimestre de 2024
30;Região Autónoma da Madeira;2;M;6;Superior;;;19,4;19.4;4.º Trimestre de 2024
PT;Portugal;2;M;6;Superior;;;933,1;933.1;4.º Trimestre de 2024
1;Continente;T;HM;6;Superior;;;1 492,9;1492.9;4.º Trimestre de 2024
11;Norte;T;HM;6;Superior;;;507,6;507.6;4.º Trimestre de 2024
15;Algarve;T;HM;6;Superior;;;55,2;55.2;4.º Trimestre de 2024
16;Centro;T;HM;6;Superior;;;308,0;308;4.º Trimestre de 2024
17;Área Metropolitana de Lisboa;T;HM;6;Superior;;;546,9;546.9;4.º Trimestre de 2024
18;Alentejo;T;HM;6;Superior;;;75,3;75.3;4.º Trimestre de 2024
2;Região Autónoma dos Açores;T;HM;6;Superior;;;22,1;22.1;4.º Trimestre de 2024
20;Região Autónoma dos Açores;T;HM;6;Superior;;;22,1;22.1;4.º Trimestre de 2024
3;Região Autónoma da Madeira;T;HM;6;Superior;;;30,8;30.8;4.º Trimestre de 2024
30;Região Autónoma da Madeira;T;HM;6;Superior;;;30,8;30.8;4.º Trimestre de 2024
PT;Portugal;T;HM;6;Superior;;;1 545,8;1545.8;4.º Trimestre de 2024
1;Continente;1;H;T;Total;;;2 015,9;2015.9;4.º Trimestre de 2024
11;Norte;1;H;T;Total;;;742,8;742.8;4.º Trimestre de 2024
15;Algarve;1;H;T;Total;;;90,9;90.9;4.º Trimestre de 2024
16;Centro;1;H;T;Total;;;445,9;445.9;4.º Trimestre de 2024
17;Área Metropolitana de Lisboa;1;H;T;Total;;;594,9;594.9;4.º Trimestre de 2024
18;Alentejo;1;H;T;Total;;;141,4;141.4;4.º Trimestre de 2024
2;Região Autónoma dos Açores;1;H;T;Total;;;51,6;51.6;4.º Trimestre de 2024
20;Região Autónoma dos Açores;1;H;T;Total;;;51,6;51.6;4.º Trimestre de 2024
3;Região Autónoma da Madeira;1;H;T;Total;;;54,4;54.4;4.º Trimestre de 2024
30;Região Autónoma da Madeira;1;H;T;Total;;;54,4;54.4;4.º Trimestre de 2024
PT;Portugal;1;H;T;Total;;;2 122,0;2122;4.º Trimestre de 2024
1;Continente;2;M;T;Total;;;2 138,3;2138.3;4.º Trimestre de 2024
11;Norte;2;M;T;Total;;;764,4;764.4;4.º Trimestre de 2024
15;Algarve;2;M;T;Total;;;99,4;99.4;4.º Trimestre de 2024
16;Centro;2;M;T;Total;;;467,8;467.8;4.º Trimestre de 2024
17;Área Metropolitana de Lisboa;2;M;T;Total;;;664,8;664.8;4.º Trimestre de 2024
18;Alentejo;2;M;T;Total;;;141,8;141.8;4.º Trimestre de 2024
2;Região Autónoma dos Açores;2;M;T;Total;;;51,1;51.1;4.º Trimestre de 2024
20;Região Autónoma dos Açores;2;M;T;Total;;;51,1;51.1;4.º Trimestre de 2024
3;Região Autónoma da Madeira;2;M;T;Total;;;56,7;56.7;4.º Trimestre de 2024
30;Região Autónoma da Madeira;2;M;T;Total;;;56,7;56.7;4.º Trimestre de 2024
PT;Portugal;2;M;T;Total;;;2 246,1;2246.1;4.º Trimestre de 2024
1;Continente;T;HM;T;Total;;;4 154,2;4154.2;4.º Trimestre de 2024
11;Norte;T;HM;T;Total;;;1 507,2;1507.2;4.º Trimestre de 2024
15;Algarve;T;HM;T;Total;;;190,3;190.3;4.º Trimestre de 2024
16;Centro;T;HM;T;Total;;;913,7;913.7;4.º Trimestre de 2024
17;Área Metropolitana de Lisboa;T;HM;T;Total;;;1 259,8;1259.8;4.º Trimestre de 2024
18;Alentejo;T;HM;T;Total;;;283,2;283.2;4.º Trimestre de 2024
2;Região Autónoma dos Açores;T;HM;T;Total;;;102,7;102.7;4.º Trimestre de 2024
20;Região Autónoma dos Açores;T;HM;T;Total;;;102,7;102.7;4.º Trimestre de 2024
3;Região Autónoma da Madeira;T;HM;T;Total;;;111,1;111.1;4.º Trimestre de 2024
30;Região Autónoma da Madeira;T;HM;T;Total;;;111,1;111.1;4.º Trimestre de 2024
PT;Portugal;T;HM;T;Total;;;4 368,1;4368.1;4.º Trimestre de 2024
