entidade,year,month,year_month,divida_total_fornecedores_externos,divida_vencida_fornecedores_externos,pagamentos_em_atraso,taxa_internamento,dias_internamento,taxa_mortalidade,mortalidade_avc_hemorragico_30_dias,mortalidade_avc_isquemico_30_dias,resultado_liquido,resultados_operacionais,covid_period,election_month,uls_integrated,month_1,month_2,month_3,month_4,month_5,month_6,month_7,month_8,month_9,month_10,month_11,month_12,parent_uls,taxa_mortalidade_quality,taxa_internamento_quality,dias_internamento_quality
"Administração Central do Sistema de Saúde, I.P",2017.0,1.0,2017-01,42715.34,42715.34,0.0,,,,,,,,0,0,0,1,0,0,0,0,0,0,0,0,0,0,0,"Administração Central do Sistema de Saúde, I.P",,,
"Administração Central do Sistema de Saúde, I.P",2017.0,2.0,2017-02,-5577.86,-5577.86,0.0,,,,,,,,0,0,0,0,1,0,0,0,0,0,0,0,0,0,0,"Administração Central do Sistema de Saúde, I.P",,,
"Administração Central do Sistema de Saúde, I.P",2017.0,3.0,2017-03,-7622.11,-7622.11,0.0,,,,,,,,0,0,0,0,0,1,0,0,0,0,0,0,0,0,0,"Administração Central do Sistema de Saúde, I.P",,,
"Administração Central do Sistema de Saúde, I.P",2017.0,4.0,2017-04,4729.83,4729.83,0.0,,,,,,,,0,0,0,0,0,0,1,0,0,0,0,0,0,0,0,"Administração Central do Sistema de Saúde, I.P",,,
"Administração Central do Sistema de Saúde, I.P",2017.0,5.0,2017-05,137295.56,137295.56,0.0,,,,,,,,0,0,0,0,0,0,0,1,0,0,0,0,0,0,0,"Administração Central do Sistema de Saúde, I.P",,,
"Administração Central do Sistema de Saúde, I.P",2017.0,6.0,2017-06,160698.95,160698.95,0.0,,,,,,,,0,0,0,0,0,0,0,0,1,0,0,0,0,0,0,"Administração Central do Sistema de Saúde, I.P",,,
"Administração Central do Sistema de Saúde, I.P",2017.0,7.0,2017-07,10835.96,10835.96,0.0,,,,,,,,0,0,0,0,0,0,0,0,0,1,0,0,0,0,0,"Administração Central do Sistema de Saúde, I.P",,,
"Administração Central do Sistema de Saúde, I.P",2017.0,8.0,2017-08,119236.72,119236.72,0.0,,,,,,,,0,0,0,0,0,0,0,0,0,0,1,0,0,0,0,"Administração Central do Sistema de Saúde, I.P",,,
"Administração Central do Sistema de Saúde, I.P",2017.0,9.0,2017-09,80156.68,80156.68,0.0,,,,,,,,0,0,0,0,0,0,0,0,0,0,0,1,0,0,0,"Administração Central do Sistema de Saúde, I.P",,,
"Administração Central do Sistema de Saúde, I.P",2017.0,10.0,2017-10,81769.76,81769.76,0.0,,,,,,,,0,0,0,0,0,0,0,0,0,0,0,0,1,0,0,"Administração Central do Sistema de Saúde, I.P",,,
"Administração Central do Sistema de Saúde, I.P",2017.0,11.0,2017-11,190210.41,190210.41,0.0,,,,,,,,0,0,0,0,0,0,0,0,0,0,0,0,0,1,0,"Administração Central do Sistema de Saúde, I.P",,,
"Administração Central do Sistema de Saúde, I.P",2017.0,12.0,2017-12,15235.87,15235.87,0.0,,,,,,,,0,0,0,0,0,0,0,0,0,0,0,0,0,0,1,"Administração Central do Sistema de Saúde, I.P",,,
"Administração Central do Sistema de Saúde, I.P",2018.0,1.0,2018-01,36292.4,36292.4,0.0,,,,,,,,0,0,0,1,0,0,0,0,0,0,0,0,0,0,0,"Administração Central do Sistema de Saúde, I.P",,,
"Administração Central do Sistema de Saúde, I.P",2018.0,2.0,2018-02,58621.98,58621.98,0.0,,,,,,,,0,0,0,0,1,0,0,0,0,0,0,0,0,0,0,"Administração Central do Sistema de Saúde, I.P",,,
"Administração Central do Sistema de Saúde, I.P",2018.0,3.0,2018-03,57685.4,57685.4,0.0,,,,,,,,0,0,0,0,0,1,0,0,0,0,0,0,0,0,0,"Administração Central do Sistema de Saúde, I.P",,,
"Administração Central do Sistema de Saúde, I.P",2018.0,4.0,2018-04,98607.2,98607.2,0.0,,,,,,,,0,0,0,0,0,0,1,0,0,0,0,0,0,0,0,"Administração Central do Sistema de Saúde, I.P",,,
"Administração Central do Sistema de Saúde, I.P",2018.0,5.0,2018-05,16727.83,16727.83,0.0,,,,,,,,0,0,0,0,0,0,0,1,0,0,0,0,0,0,0,"Administração Central do Sistema de Saúde, I.P",,,
"Administração Central do Sistema de Saúde, I.P",2018.0,6.0,2018-06,28726.5,1829.66,0.0,,,,,,,,0,0,0,0,0,0,0,0,1,0,0,0,0,0,0,"Administração Central do Sistema de Saúde, I.P",,,
"Administração Central do Sistema de Saúde, I.P",2018.0,7.0,2018-07,16548.78,0.0,0.0,,,,,,,,0,0,0,0,0,0,0,0,0,1,0,0,0,0,0,"Administração Central do Sistema de Saúde, I.P",,,
"Administração Central do Sistema de Saúde, I.P",2018.0,8.0,2018-08,49006.85,24691.21,0.0,,,,,,,,0,0,0,0,0,0,0,0,0,0,1,0,0,0,0,"Administração Central do Sistema de Saúde, I.P",,,
"Administração Central do Sistema de Saúde, I.P",2018.0,9.0,2018-09,68718.36,26087.91,0.0,,,,,,,,0,0,0,0,0,0,0,0,0,0,0,1,0,0,0,"Administração Central do Sistema de Saúde, I.P",,,
"Administração Central do Sistema de Saúde, I.P",2018.0,10.0,2018-10,66655.42,35325.35,0.0,,,,,,,,0,0,0,0,0,0,0,0,0,0,0,0,1,0,0,"Administração Central do Sistema de Saúde, I.P",,,
"Administração Central do Sistema de Saúde, I.P",2018.0,11.0,2018-11,73987.38,61419.47,0.0,,,,,,,,0,0,0,0,0,0,0,0,0,0,0,0,0,1,0,"Administração Central do Sistema de Saúde, I.P",,,
"Administração Central do Sistema de Saúde, I.P",2018.0,12.0,2018-12,1659.28,1659.28,0.0,,,,,,,,0,0,0,0,0,0,0,0,0,0,0,0,0,0,1,"Administração Central do Sistema de Saúde, I.P",,,
"Administração Central do Sistema de Saúde, I.P",2019.0,1.0,2019-01,36324.4,32672.4,0.0,,,,,,,,0,0,0,1,0,0,0,0,0,0,0,0,0,0,0,"Administração Central do Sistema de Saúde, I.P",,,
"Administração Central do Sistema de Saúde, I.P",2019.0,2.0,2019-02,20284.120000000003,4888.51,0.0,,,,,,,,0,0,0,0,1,0,0,0,0,0,0,0,0,0,0,"Administração Central do Sistema de Saúde, I.P",,,
"Administração Central do Sistema de Saúde, I.P",2019.0,3.0,2019-03,95133.76000000001,94703.8,0.0,,,,,,,,0,0,0,0,0,1,0,0,0,0,0,0,0,0,0,"Administração Central do Sistema de Saúde, I.P",,,
"Administração Central do Sistema de Saúde, I.P",2019.0,4.0,2019-04,96464.53,38215.24,0.0,,,,,,,,0,0,0,0,0,0,1,0,0,0,0,0,0,0,0,"Administração Central do Sistema de Saúde, I.P",,,
"Administração Central do Sistema de Saúde, I.P",2019.0,5.0,2019-05,87873.28,0.0,0.0,,,,,,,,0,0,0,0,0,0,0,1,0,0,0,0,0,0,0,"Administração Central do Sistema de Saúde, I.P",,,
"Administração Central do Sistema de Saúde, I.P",2019.0,6.0,2019-06,420.89,0.0,0.0,,,,,,,,0,0,0,0,0,0,0,0,1,0,0,0,0,0,0,"Administração Central do Sistema de Saúde, I.P",,,
"Administração Central do Sistema de Saúde, I.P",2019.0,7.0,2019-07,2836.6099999999997,2415.72,0.0,,,,,,,,0,0,0,0,0,0,0,0,0,1,0,0,0,0,0,"Administração Central do Sistema de Saúde, I.P",,,
"Administração Central do Sistema de Saúde, I.P",2019.0,8.0,2019-08,3891.74,3470.85,0.0,,,,,,,,0,0,0,0,0,0,0,0,0,0,1,0,0,0,0,"Administração Central do Sistema de Saúde, I.P",,,
"Administração Central do Sistema de Saúde, I.P",2019.0,9.0,2019-09,2836.6099999999997,2415.72,2415.72,,,,,,,,0,0,0,0,0,0,0,0,0,0,0,1,0,0,0,"Administração Central do Sistema de Saúde, I.P",,,
"Administração Central do Sistema de Saúde, I.P",2019.0,10.0,2019-10,2878.53,2457.54,2415.72,,,,,,,,0,1,0,0,0,0,0,0,0,0,0,0,1,0,0,"Administração Central do Sistema de Saúde, I.P",,,
"Administração Central do Sistema de Saúde, I.P",2019.0,11.0,2019-11,2869.03,2457.54,2415.72,,,,,,,,0,0,0,0,0,0,0,0,0,0,0,0,0,1,0,"Administração Central do Sistema de Saúde, I.P",,,
"Administração Central do Sistema de Saúde, I.P",2019.0,12.0,2019-12,107942.05,2415.72,2415.72,,,,,,,,0,0,0,0,0,0,0,0,0,0,0,0,0,0,1,"Administração Central do Sistema de Saúde, I.P",,,
"Administração Central do Sistema de Saúde, I.P",2020.0,1.0,2020-01,4136.62,2415.72,2415.72,,,,,,,,0,0,0,1,0,0,0,0,0,0,0,0,0,0,0,"Administração Central do Sistema de Saúde, I.P",,,
"Administração Central do Sistema de Saúde, I.P",2020.0,2.0,2020-02,8075.89,5222.62,0.0,,,,,,,,0,0,0,0,1,0,0,0,0,0,0,0,0,0,0,"Administração Central do Sistema de Saúde, I.P",,,
"Administração Central do Sistema de Saúde, I.P",2020.0,3.0,2020-03,26987.32,5218.87,0.0,,,,,,,,1,0,0,0,0,1,0,0,0,0,0,0,0,0,0,"Administração Central do Sistema de Saúde, I.P",,,
"Administração Central do Sistema de Saúde, I.P",2020.0,4.0,2020-04,7638.34,5222.62,0.0,,,,,,,,1,0,0,0,0,0,1,0,0,0,0,0,0,0,0,"Administração Central do Sistema de Saúde, I.P",,,
"Administração Central do Sistema de Saúde, I.P",2020.0,5.0,2020-05,8478.36,7638.34,0.0,,,,,,,,1,0,0,0,0,0,0,1,0,0,0,0,0,0,0,"Administração Central do Sistema de Saúde, I.P",,,
"Administração Central do Sistema de Saúde, I.P",2020.0,6.0,2020-06,8604.62,7638.34,0.0,,,,,,,,1,0,0,0,0,0,0,0,1,0,0,0,0,0,0,"Administração Central do Sistema de Saúde, I.P",,,
"Administração Central do Sistema de Saúde, I.P",2020.0,7.0,2020-07,8317.97,0.0,0.0,,,,,,,,1,0,0,0,0,0,0,0,0,1,0,0,0,0,0,"Administração Central do Sistema de Saúde, I.P",,,
"Administração Central do Sistema de Saúde, I.P",2020.0,8.0,2020-08,8240.79,0.0,0.0,,,,,,,,1,0,0,0,0,0,0,0,0,0,1,0,0,0,0,"Administração Central do Sistema de Saúde, I.P",,,
"Administração Central do Sistema de Saúde, I.P",2020.0,9.0,2020-09,10185.29,0.0,0.0,,,,,,,,1,0,0,0,0,0,0,0,0,0,0,1,0,0,0,"Administração Central do Sistema de Saúde, I.P",,,
"Administração Central do Sistema de Saúde, I.P",2020.0,10.0,2020-10,12977.35,0.0,0.0,,,,,,,,1,0,0,0,0,0,0,0,0,0,0,0,1,0,0,"Administração Central do Sistema de Saúde, I.P",,,
"Administração Central do Sistema de Saúde, I.P",2020.0,11.0,2020-11,10464.86,5222.62,5222.62,,,,,,,,1,0,0,0,0,0,0,0,0,0,0,0,0,1,0,"Administração Central do Sistema de Saúde, I.P",,,
"Administração Central do Sistema de Saúde, I.P",2020.0,12.0,2020-12,114074.58,0.0,0.0,,,,,,,,1,0,0,0,0,0,0,0,0,0,0,0,0,0,1,"Administração Central do Sistema de Saúde, I.P",,,
"Administração Central do Sistema de Saúde, I.P",2021.0,1.0,2021-01,43399.34,5222.62,0.0,,,,,,,,1,0,0,1,0,0,0,0,0,0,0,0,0,0,0,"Administração Central do Sistema de Saúde, I.P",,,
"Administração Central do Sistema de Saúde, I.P",2021.0,2.0,2021-02,35104.75,0.0,0.0,,,,,,,,1,0,0,0,1,0,0,0,0,0,0,0,0,0,0,"Administração Central do Sistema de Saúde, I.P",,,
"Administração Central do Sistema de Saúde, I.P",2021.0,3.0,2021-03,8342.99,5222.62,0.0,,,,,,,,1,0,0,0,0,1,0,0,0,0,0,0,0,0,0,"Administração Central do Sistema de Saúde, I.P",,,
"Administração Central do Sistema de Saúde, I.P",2021.0,4.0,2021-04,18777.39,5222.62,0.0,,,,,,,,1,0,0,0,0,0,1,0,0,0,0,0,0,0,0,"Administração Central do Sistema de Saúde, I.P",,,
"Administração Central do Sistema de Saúde, I.P",2021.0,5.0,2021-05,8846.81,5222.62,0.0,,,,,,,,1,0,0,0,0,0,0,1,0,0,0,0,0,0,0,"Administração Central do Sistema de Saúde, I.P",,,
"Administração Central do Sistema de Saúde, I.P",2021.0,6.0,2021-06,8355.04,5222.62,0.0,,,,,,,,1,0,0,0,0,0,0,0,1,0,0,0,0,0,0,"Administração Central do Sistema de Saúde, I.P",,,
"Administração Central do Sistema de Saúde, I.P",2021.0,7.0,2021-07,8500.88,5222.62,0.0,,,,,,,,1,0,0,0,0,0,0,0,0,1,0,0,0,0,0,"Administração Central do Sistema de Saúde, I.P",,,
"Administração Central do Sistema de Saúde, I.P",2021.0,8.0,2021-08,8693.98,5222.62,0.0,,,,,,,,1,0,0,0,0,0,0,0,0,0,1,0,0,0,0,"Administração Central do Sistema de Saúde, I.P",,,
"Administração Central do Sistema de Saúde, I.P",2021.0,9.0,2021-09,9352.14,5222.62,0.0,,,,,,,,1,0,0,0,0,0,0,0,0,0,0,1,0,0,0,"Administração Central do Sistema de Saúde, I.P",,,
"Administração Central do Sistema de Saúde, I.P",2021.0,10.0,2021-10,9985.85,5222.62,0.0,,,,,,,,1,0,0,0,0,0,0,0,0,0,0,0,1,0,0,"Administração Central do Sistema de Saúde, I.P",,,
"Administração Central do Sistema de Saúde, I.P",2021.0,11.0,2021-11,8910.57,5222.62,0.0,,,,,,,,1,0,0,0,0,0,0,0,0,0,0,0,0,1,0,"Administração Central do Sistema de Saúde, I.P",,,
"Administração Central do Sistema de Saúde, I.P",2021.0,12.0,2021-12,173063.86,5222.62,0.0,,,,,,,,1,0,0,0,0,0,0,0,0,0,0,0,0,0,1,"Administração Central do Sistema de Saúde, I.P",,,
"Administração Central do Sistema de Saúde, I.P",2022.0,1.0,2022-01,90794.71,5222.62,5222.62,,,,,,,,0,0,0,1,0,0,0,0,0,0,0,0,0,0,0,"Administração Central do Sistema de Saúde, I.P",,,
"Administração Central do Sistema de Saúde, I.P",2022.0,2.0,2022-02,121194.67,34988.62,5222.62,,,,,,,,0,0,0,0,1,0,0,0,0,0,0,0,0,0,0,"Administração Central do Sistema de Saúde, I.P",,,
"Administração Central do Sistema de Saúde, I.P",2022.0,3.0,2022-03,223690.86,30591.37,0.0,,,,,,,,0,0,0,0,0,1,0,0,0,0,0,0,0,0,0,"Administração Central do Sistema de Saúde, I.P",,,
"Administração Central do Sistema de Saúde, I.P",2022.0,4.0,2022-04,33640.52,25368.75,0.0,,,,,,,,0,0,0,0,0,0,1,0,0,0,0,0,0,0,0,"Administração Central do Sistema de Saúde, I.P",,,
"Administração Central do Sistema de Saúde, I.P",2022.0,5.0,2022-05,33638.49,25368.75,0.0,,,,,,,,0,0,0,0,0,0,0,1,0,0,0,0,0,0,0,"Administração Central do Sistema de Saúde, I.P",,,
"Administração Central do Sistema de Saúde, I.P",2022.0,6.0,2022-06,33638.49,25368.75,25368.75,,,,,,,,0,0,0,0,0,0,0,0,1,0,0,0,0,0,0,"Administração Central do Sistema de Saúde, I.P",,,
"Administração Central do Sistema de Saúde, I.P",2022.0,7.0,2022-07,33986.83,25368.75,25368.75,,,,,,,,0,0,0,0,0,0,0,0,0,1,0,0,0,0,0,"Administração Central do Sistema de Saúde, I.P",,,
"Administração Central do Sistema de Saúde, I.P",2022.0,8.0,2022-08,33755.14,25368.75,25368.75,,,,,,,,0,0,0,0,0,0,0,0,0,0,1,0,0,0,0,"Administração Central do Sistema de Saúde, I.P",,,
"Administração Central do Sistema de Saúde, I.P",2022.0,9.0,2022-09,8993.74,0.0,0.0,,,,,,,,0,0,0,0,0,0,0,0,0,0,0,1,0,0,0,"Administração Central do Sistema de Saúde, I.P",,,
"Administração Central do Sistema de Saúde, I.P",2022.0,10.0,2022-10,8239.93,0.0,0.0,,,,,,,,0,0,0,0,0,0,0,0,0,0,0,0,1,0,0,"Administração Central do Sistema de Saúde, I.P",,,
"Administração Central do Sistema de Saúde, I.P",2022.0,11.0,2022-11,12119.85,0.0,0.0,,,,,,,,0,0,0,0,0,0,0,0,0,0,0,0,0,1,0,"Administração Central do Sistema de Saúde, I.P",,,
"Administração Central do Sistema de Saúde, I.P",2022.0,12.0,2022-12,11716.26,0.0,0.0,,,,,,,,0,0,0,0,0,0,0,0,0,0,0,0,0,0,1,"Administração Central do Sistema de Saúde, I.P",,,
"Administração Central do Sistema de Saúde, I.P",2023.0,1.0,2023-01,194028.15,0.0,0.0,,,,,,,,0,0,0,1,0,0,0,0,0,0,0,0,0,0,0,"Administração Central do Sistema de Saúde, I.P",,,
"Administração Central do Sistema de Saúde, I.P",2023.0,2.0,2023-02,131259.86,0.0,0.0,,,,,,,,0,0,0,0,1,0,0,0,0,0,0,0,0,0,0,"Administração Central do Sistema de Saúde, I.P",,,
"Administração Central do Sistema de Saúde, I.P",2023.0,3.0,2023-03,8195.19,0.0,0.0,,,,,,,,0,0,0,0,0,1,0,0,0,0,0,0,0,0,0,"Administração Central do Sistema de Saúde, I.P",,,
"Administração Central do Sistema de Saúde, I.P",2023.0,4.0,2023-04,8429.22,0.0,0.0,,,,,,,,0,0,0,0,0,0,1,0,0,0,0,0,0,0,0,"Administração Central do Sistema de Saúde, I.P",,,
"Administração Central do Sistema de Saúde, I.P",2023.0,5.0,2023-05,8159.19,0.0,0.0,,,,,,,,0,0,0,0,0,0,0,1,0,0,0,0,0,0,0,"Administração Central do Sistema de Saúde, I.P",,,
"Administração Central do Sistema de Saúde, I.P",2023.0,6.0,2023-06,8181.81,0.0,0.0,,,,,,,,0,0,0,0,0,0,0,0,1,0,0,0,0,0,0,"Administração Central do Sistema de Saúde, I.P",,,
"Administração Central do Sistema de Saúde, I.P",2023.0,7.0,2023-07,2597.31,15.95,0.0,,,,,,,,0,0,0,0,0,0,0,0,0,1,0,0,0,0,0,"Administração Central do Sistema de Saúde, I.P",,,
"Administração Central do Sistema de Saúde, I.P",2023.0,8.0,2023-08,8835.4,0.0,0.0,,,,,,,,0,0,0,0,0,0,0,0,0,0,1,0,0,0,0,"Administração Central do Sistema de Saúde, I.P",,,
"Administração Central do Sistema de Saúde, I.P",2023.0,9.0,2023-09,8773.93,0.0,0.0,,,,,,,,0,0,0,0,0,0,0,0,0,0,0,1,0,0,0,"Administração Central do Sistema de Saúde, I.P",,,
"Administração Central do Sistema de Saúde, I.P",2023.0,10.0,2023-10,8632.25,0.0,0.0,,,,,,,,0,0,0,0,0,0,0,0,0,0,0,0,1,0,0,"Administração Central do Sistema de Saúde, I.P",,,
"Administração Central do Sistema de Saúde, I.P",2023.0,11.0,2023-11,77474.66,7654.29,7654.29,,,,,,,,0,0,0,0,0,0,0,0,0,0,0,0,0,1,0,"Administração Central do Sistema de Saúde, I.P",,,
"Administração Central do Sistema de Saúde, I.P",2023.0,12.0,2023-12,42008.7,7638.34,7638.34,,,,,,,,0,0,0,0,0,0,0,0,0,0,0,0,0,0,1,"Administração Central do Sistema de Saúde, I.P",,,
Administração Regional de Saúde de Lisboa e Vale do Tejo,2017.0,1.0,2017-01,63318902.489999995,13891893.73,-247025.51999999955,,,,,,,,0,0,0,1,0,0,0,0,0,0,0,0,0,0,0,Administração Regional de Saúde de Lisboa e Vale do Tejo,,,
Administração Regional de Saúde de Lisboa e Vale do Tejo,2017.0,2.0,2017-02,94458152.05,2787333.73,-10077.270000000019,,,,,,,,0,0,0,0,1,0,0,0,0,0,0,0,0,0,0,Administração Regional de Saúde de Lisboa e Vale do Tejo,,,
Administração Regional de Saúde de Lisboa e Vale do Tejo,2017.0,3.0,2017-03,90568762.56,643779.54,-10849.929999999935,,,,,,,,0,0,0,0,0,1,0,0,0,0,0,0,0,0,0,Administração Regional de Saúde de Lisboa e Vale do Tejo,,,
Administração Regional de Saúde de Lisboa e Vale do Tejo,2017.0,4.0,2017-04,97878420.11,2540723.6500000004,3646.540000000503,,,,,,,,0,0,0,0,0,0,1,0,0,0,0,0,0,0,0,Administração Regional de Saúde de Lisboa e Vale do Tejo,,,
Administração Regional de Saúde de Lisboa e Vale do Tejo,2017.0,5.0,2017-05,91853125.75,7540379.3,45344.71999999974,,,,,,,,0,0,0,0,0,0,0,1,0,0,0,0,0,0,0,Administração Regional de Saúde de Lisboa e Vale do Tejo,,,
Administração Regional de Saúde de Lisboa e Vale do Tejo,2017.0,6.0,2017-06,98579499.92,7018293.590000001,225930.18000000063,,,,,,,,0,0,0,0,0,0,0,0,1,0,0,0,0,0,0,Administração Regional de Saúde de Lisboa e Vale do Tejo,,,
Administração Regional de Saúde de Lisboa e Vale do Tejo,2017.0,7.0,2017-07,95511563.5,10077550.23,-110968.36999999918,,,,,,,,0,0,0,0,0,0,0,0,0,1,0,0,0,0,0,Administração Regional de Saúde de Lisboa e Vale do Tejo,,,
Administração Regional de Saúde de Lisboa e Vale do Tejo,2017.0,8.0,2017-08,92781494.06,8290371.06,-60033.81000000052,,,,,,,,0,0,0,0,0,0,0,0,0,0,1,0,0,0,0,Administração Regional de Saúde de Lisboa e Vale do Tejo,,,
Administração Regional de Saúde de Lisboa e Vale do Tejo,2017.0,9.0,2017-09,91288740.96,9678294.3,1020071.1000000015,,,,,,,,0,0,0,0,0,0,0,0,0,0,0,1,0,0,0,Administração Regional de Saúde de Lisboa e Vale do Tejo,,,
Administração Regional de Saúde de Lisboa e Vale do Tejo,2017.0,10.0,2017-10,79380990.47,7141826.99,-147398.41000000015,,,,,,,,0,0,0,0,0,0,0,0,0,0,0,0,1,0,0,Administração Regional de Saúde de Lisboa e Vale do Tejo,,,
Administração Regional de Saúde de Lisboa e Vale do Tejo,2017.0,11.0,2017-11,20194396.93,8121031.63,623531.1100000003,,,,,,,,0,0,0,0,0,0,0,0,0,0,0,0,0,1,0,Administração Regional de Saúde de Lisboa e Vale do Tejo,,,
Administração Regional de Saúde de Lisboa e Vale do Tejo,2017.0,12.0,2017-12,557092.29,71432.99,24774.240000000005,,,,,,,,0,0,0,0,0,0,0,0,0,0,0,0,0,0,1,Administração Regional de Saúde de Lisboa e Vale do Tejo,,,
Administração Regional de Saúde de Lisboa e Vale do Tejo,2018.0,1.0,2018-01,85314983.84,182835.3,8095.639999999985,,,,,,,,0,0,0,1,0,0,0,0,0,0,0,0,0,0,0,Administração Regional de Saúde de Lisboa e Vale do Tejo,,,
Administração Regional de Saúde de Lisboa e Vale do Tejo,2018.0,2.0,2018-02,95800931.47,7098660.42,41984.18999999948,,,,,,,,0,0,0,0,1,0,0,0,0,0,0,0,0,0,0,Administração Regional de Saúde de Lisboa e Vale do Tejo,,,
Administração Regional de Saúde de Lisboa e Vale do Tejo,2018.0,3.0,2018-03,88657656.14999999,7810178.71,493905.7000000002,,,,,,,,0,0,0,0,0,1,0,0,0,0,0,0,0,0,0,Administração Regional de Saúde de Lisboa e Vale do Tejo,,,
Administração Regional de Saúde de Lisboa e Vale do Tejo,2018.0,4.0,2018-04,96598731.03,9033225.54,1243565.879999999,,,,,,,,0,0,0,0,0,0,1,0,0,0,0,0,0,0,0,Administração Regional de Saúde de Lisboa e Vale do Tejo,,,
