parent_uls_std,year,month,divida_total_fornecedores_externos,divida_vencida_fornecedores_externos,pagamentos_em_atraso,taxa_internamento,dias_internamento,taxa_mortalidade,mortalidade_avc_hemorragico_30_dias,mortalidade_avc_isquemico_30_dias,resultado_liquido,resultados_operacionais,covid_period,election_month,uls_integrated,month_1,month_2,month_3,month_4,month_5,month_6,month_7,month_8,month_9,month_10,month_11,month_12,entidade,parent_uls,entidade_std
"Administração Central Do Sistema De Saúde, I.P",2017.0,1.0,42715.34,42715.34,0.0,,,,,,,,0.0,0.0,0.0,1.0,0.0,0.0,0.0,0.0,0.0,0.0,0.0,0.0,0.0,0.0,0.0,"Administração Central do Sistema de Saúde, I.P","Administração Central do Sistema de Saúde, I.P",
"Administração Central Do Sistema De Saúde, I.P",2017.0,2.0,-5577.86,-5577.86,0.0,,,,,,,,0.0,0.0,0.0,0.0,1.0,0.0,0.0,0.0,0.0,0.0,0.0,0.0,0.0,0.0,0.0,"Administração Central do Sistema de Saúde, I.P","Administração Central do Sistema de Saúde, I.P",
"Administração Central Do Sistema De Saúde, I.P",2017.0,3.0,-7622.11,-7622.11,0.0,,,,,,,,0.0,0.0,0.0,0.0,0.0,1.0,0.0,0.0,0.0,0.0,0.0,0.0,0.0,0.0,0.0,"Administração Central do Sistema de Saúde, I.P","Administração Central do Sistema de Saúde, I.P",
"Administração Central Do Sistema De Saúde, I.P",2017.0,4.0,4729.83,4729.83,0.0,,,,,,,,0.0,0.0,0.0,0.0,0.0,0.0,1.0,0.0,0.0,0.0,0.0,0.0,0.0,0.0,0.0,"Administração Central do Sistema de Saúde, I.P","Administração Central do Sistema de Saúde, I.P",
"Administração Central Do Sistema De Saúde, I.P",2017.0,5.0,137295.56,137295.56,0.0,,,,,,,,0.0,0.0,0.0,0.0,0.0,0.0,0.0,1.0,0.0,0.0,0.0,0.0,0.0,0.0,0.0,"Administração Central do Sistema de Saúde, I.P","Administração Central do Sistema de Saúde, I.P",
"Administração Central Do Sistema De Saúde, I.P",2017.0,6.0,160698.95,160698.95,0.0,,,,,,,,0.0,0.0,0.0,0.0,0.0,0.0,0.0,0.0,1.0,0.0,0.0,0.0,0.0,0.0,0.0,"Administração Central do Sistema de Saúde, I.P","Administração Central do Sistema de Saúde, I.P",
"Administração Central Do Sistema De Saúde, I.P",2017.0,7.0,10835.96,10835.96,0.0,,,,,,,,0.0,0.0,0.0,0.0,0.0,0.0,0.0,0.0,0.0,1.0,0.0,0.0,0.0,0.0,0.0,"Administração Central do Sistema de Saúde, I.P","Administração Central do Sistema de Saúde, I.P",
"Administração Central Do Sistema De Saúde, I.P",2017.0,8.0,119236.72,119236.72,0.0,,,,,,,,0.0,0.0,0.0,0.0,0.0,0.0,0.0,0.0,0.0,0.0,1.0,0.0,0.0,0.0,0.0,"Administração Central do Sistema de Saúde, I.P","Administração Central do Sistema de Saúde, I.P",
"Administração Central Do Sistema De Saúde, I.P",2017.0,9.0,80156.68,80156.68,0.0,,,,,,,,0.0,0.0,0.0,0.0,0.0,0.0,0.0,0.0,0.0,0.0,0.0,1.0,0.0,0.0,0.0,"Administração Central do Sistema de Saúde, I.P","Administração Central do Sistema de Saúde, I.P",
"Administração Central Do Sistema De Saúde, I.P",2017.0,10.0,81769.76,81769.76,0.0,,,,,,,,0.0,0.0,0.0,0.0,0.0,0.0,0.0,0.0,0.0,0.0,0.0,0.0,1.0,0.0,0.0,"Administração Central do Sistema de Saúde, I.P","Administração Central do Sistema de Saúde, I.P",
"Administração Central Do Sistema De Saúde, I.P",2017.0,11.0,190210.41,190210.41,0.0,,,,,,,,0.0,0.0,0.0,0.0,0.0,0.0,0.0,0.0,0.0,0.0,0.0,0.0,0.0,1.0,0.0,"Administração Central do Sistema de Saúde, I.P","Administração Central do Sistema de Saúde, I.P",
"Administração Central Do Sistema De Saúde, I.P",2017.0,12.0,15235.87,15235.87,0.0,,,,,,,,0.0,0.0,0.0,0.0,0.0,0.0,0.0,0.0,0.0,0.0,0.0,0.0,0.0,0.0,1.0,"Administração Central do Sistema de Saúde, I.P","Administração Central do Sistema de Saúde, I.P",
"Administração Central Do Sistema De Saúde, I.P",2018.0,1.0,36292.4,36292.4,0.0,,,,,,,,0.0,0.0,0.0,1.0,0.0,0.0,0.0,0.0,0.0,0.0,0.0,0.0,0.0,0.0,0.0,"Administração Central do Sistema de Saúde, I.P","Administração Central do Sistema de Saúde, I.P",
"Administração Central Do Sistema De Saúde, I.P",2018.0,2.0,58621.98,58621.98,0.0,,,,,,,,0.0,0.0,0.0,0.0,1.0,0.0,0.0,0.0,0.0,0.0,0.0,0.0,0.0,0.0,0.0,"Administração Central do Sistema de Saúde, I.P","Administração Central do Sistema de Saúde, I.P",
"Administração Central Do Sistema De Saúde, I.P",2018.0,3.0,57685.4,57685.4,0.0,,,,,,,,0.0,0.0,0.0,0.0,0.0,1.0,0.0,0.0,0.0,0.0,0.0,0.0,0.0,0.0,0.0,"Administração Central do Sistema de Saúde, I.P","Administração Central do Sistema de Saúde, I.P",
"Administração Central Do Sistema De Saúde, I.P",2018.0,4.0,98607.2,98607.2,0.0,,,,,,,,0.0,0.0,0.0,0.0,0.0,0.0,1.0,0.0,0.0,0.0,0.0,0.0,0.0,0.0,0.0,"Administração Central do Sistema de Saúde, I.P","Administração Central do Sistema de Saúde, I.P",
"Administração Central Do Sistema De Saúde, I.P",2018.0,5.0,16727.83,16727.83,0.0,,,,,,,,0.0,0.0,0.0,0.0,0.0,0.0,0.0,1.0,0.0,0.0,0.0,0.0,0.0,0.0,0.0,"Administração Central do Sistema de Saúde, I.P","Administração Central do Sistema de Saúde, I.P",
"Administração Central Do Sistema De Saúde, I.P",2018.0,6.0,28726.5,1829.66,0.0,,,,,,,,0.0,0.0,0.0,0.0,0.0,0.0,0.0,0.0,1.0,0.0,0.0,0.0,0.0,0.0,0.0,"Administração Central do Sistema de Saúde, I.P","Administração Central do Sistema de Saúde, I.P",
"Administração Central Do Sistema De Saúde, I.P",2018.0,7.0,16548.78,0.0,0.0,,,,,,,,0.0,0.0,0.0,0.0,0.0,0.0,0.0,0.0,0.0,1.0,0.0,0.0,0.0,0.0,0.0,"Administração Central do Sistema de Saúde, I.P","Administração Central do Sistema de Saúde, I.P",
"Administração Central Do Sistema De Saúde, I.P",2018.0,8.0,49006.85,24691.21,0.0,,,,,,,,0.0,0.0,0.0,0.0,0.0,0.0,0.0,0.0,0.0,0.0,1.0,0.0,0.0,0.0,0.0,"Administração Central do Sistema de Saúde, I.P","Administração Central do Sistema de Saúde, I.P",
"Administração Central Do Sistema De Saúde, I.P",2018.0,9.0,68718.36,26087.91,0.0,,,,,,,,0.0,0.0,0.0,0.0,0.0,0.0,0.0,0.0,0.0,0.0,0.0,1.0,0.0,0.0,0.0,"Administração Central do Sistema de Saúde, I.P","Administração Central do Sistema de Saúde, I.P",
"Administração Central Do Sistema De Saúde, I.P",2018.0,10.0,66655.42,35325.35,0.0,,,,,,,,0.0,0.0,0.0,0.0,0.0,0.0,0.0,0.0,0.0,0.0,0.0,0.0,1.0,0.0,0.0,"Administração Central do Sistema de Saúde, I.P","Administração Central do Sistema de Saúde, I.P",
"Administração Central Do Sistema De Saúde, I.P",2018.0,11.0,73987.38,61419.47,0.0,,,,,,,,0.0,0.0,0.0,0.0,0.0,0.0,0.0,0.0,0.0,0.0,0.0,0.0,0.0,1.0,0.0,"Administração Central do Sistema de Saúde, I.P","Administração Central do Sistema de Saúde, I.P",
"Administração Central Do Sistema De Saúde, I.P",2018.0,12.0,1659.28,1659.28,0.0,,,,,,,,0.0,0.0,0.0,0.0,0.0,0.0,0.0,0.0,0.0,0.0,0.0,0.0,0.0,0.0,1.0,"Administração Central do Sistema de Saúde, I.P","Administração Central do Sistema de Saúde, I.P",
"Administração Central Do Sistema De Saúde, I.P",2019.0,1.0,36324.4,32672.4,0.0,,,,,,,,0.0,0.0,0.0,1.0,0.0,0.0,0.0,0.0,0.0,0.0,0.0,0.0,0.0,0.0,0.0,"Administração Central do Sistema de Saúde, I.P","Administração Central do Sistema de Saúde, I.P",
"Administração Central Do Sistema De Saúde, I.P",2019.0,2.0,20284.120000000003,4888.51,0.0,,,,,,,,0.0,0.0,0.0,0.0,1.0,0.0,0.0,0.0,0.0,0.0,0.0,0.0,0.0,0.0,0.0,"Administração Central do Sistema de Saúde, I.P","Administração Central do Sistema de Saúde, I.P",
"Administração Central Do Sistema De Saúde, I.P",2019.0,3.0,95133.76000000001,94703.8,0.0,,,,,,,,0.0,0.0,0.0,0.0,0.0,1.0,0.0,0.0,0.0,0.0,0.0,0.0,0.0,0.0,0.0,"Administração Central do Sistema de Saúde, I.P","Administração Central do Sistema de Saúde, I.P",
"Administração Central Do Sistema De Saúde, I.P",2019.0,4.0,96464.53,38215.24,0.0,,,,,,,,0.0,0.0,0.0,0.0,0.0,0.0,1.0,0.0,0.0,0.0,0.0,0.0,0.0,0.0,0.0,"Administração Central do Sistema de Saúde, I.P","Administração Central do Sistema de Saúde, I.P",
"Administração Central Do Sistema De Saúde, I.P",2019.0,5.0,87873.28,0.0,0.0,,,,,,,,0.0,0.0,0.0,0.0,0.0,0.0,0.0,1.0,0.0,0.0,0.0,0.0,0.0,0.0,0.0,"Administração Central do Sistema de Saúde, I.P","Administração Central do Sistema de Saúde, I.P",
"Administração Central Do Sistema De Saúde, I.P",2019.0,6.0,420.89,0.0,0.0,,,,,,,,0.0,0.0,0.0,0.0,0.0,0.0,0.0,0.0,1.0,0.0,0.0,0.0,0.0,0.0,0.0,"Administração Central do Sistema de Saúde, I.P","Administração Central do Sistema de Saúde, I.P",
"Administração Central Do Sistema De Saúde, I.P",2019.0,7.0,2836.6099999999997,2415.72,0.0,,,,,,,,0.0,0.0,0.0,0.0,0.0,0.0,0.0,0.0,0.0,1.0,0.0,0.0,0.0,0.0,0.0,"Administração Central do Sistema de Saúde, I.P","Administração Central do Sistema de Saúde, I.P",
"Administração Central Do Sistema De Saúde, I.P",2019.0,8.0,3891.74,3470.85,0.0,,,,,,,,0.0,0.0,0.0,0.0,0.0,0.0,0.0,0.0,0.0,0.0,1.0,0.0,0.0,0.0,0.0,"Administração Central do Sistema de Saúde, I.P","Administração Central do Sistema de Saúde, I.P",
"Administração Central Do Sistema De Saúde, I.P",2019.0,9.0,2836.6099999999997,2415.72,2415.72,,,,,,,,0.0,0.0,0.0,0.0,0.0,0.0,0.0,0.0,0.0,0.0,0.0,1.0,0.0,0.0,0.0,"Administração Central do Sistema de Saúde, I.P","Administração Central do Sistema de Saúde, I.P",
"Administração Central Do Sistema De Saúde, I.P",2019.0,10.0,2878.53,2457.54,2415.72,,,,,,,,0.0,1.0,0.0,0.0,0.0,0.0,0.0,0.0,0.0,0.0,0.0,0.0,1.0,0.0,0.0,"Administração Central do Sistema de Saúde, I.P","Administração Central do Sistema de Saúde, I.P",
"Administração Central Do Sistema De Saúde, I.P",2019.0,11.0,2869.03,2457.54,2415.72,,,,,,,,0.0,0.0,0.0,0.0,0.0,0.0,0.0,0.0,0.0,0.0,0.0,0.0,0.0,1.0,0.0,"Administração Central do Sistema de Saúde, I.P","Administração Central do Sistema de Saúde, I.P",
"Administração Central Do Sistema De Saúde, I.P",2019.0,12.0,107942.05,2415.72,2415.72,,,,,,,,0.0,0.0,0.0,0.0,0.0,0.0,0.0,0.0,0.0,0.0,0.0,0.0,0.0,0.0,1.0,"Administração Central do Sistema de Saúde, I.P","Administração Central do Sistema de Saúde, I.P",
"Administração Central Do Sistema De Saúde, I.P",2020.0,1.0,4136.62,2415.72,2415.72,,,,,,,,0.0,0.0,0.0,1.0,0.0,0.0,0.0,0.0,0.0,0.0,0.0,0.0,0.0,0.0,0.0,"Administração Central do Sistema de Saúde, I.P","Administração Central do Sistema de Saúde, I.P",
"Administração Central Do Sistema De Saúde, I.P",2020.0,2.0,8075.89,5222.62,0.0,,,,,,,,0.0,0.0,0.0,0.0,1.0,0.0,0.0,0.0,0.0,0.0,0.0,0.0,0.0,0.0,0.0,"Administração Central do Sistema de Saúde, I.P","Administração Central do Sistema de Saúde, I.P",
"Administração Central Do Sistema De Saúde, I.P",2020.0,3.0,26987.32,5218.87,0.0,,,,,,,,1.0,0.0,0.0,0.0,0.0,1.0,0.0,0.0,0.0,0.0,0.0,0.0,0.0,0.0,0.0,"Administração Central do Sistema de Saúde, I.P","Administração Central do Sistema de Saúde, I.P",
"Administração Central Do Sistema De Saúde, I.P",2020.0,4.0,7638.34,5222.62,0.0,,,,,,,,1.0,0.0,0.0,0.0,0.0,0.0,1.0,0.0,0.0,0.0,0.0,0.0,0.0,0.0,0.0,"Administração Central do Sistema de Saúde, I.P","Administração Central do Sistema de Saúde, I.P",
"Administração Central Do Sistema De Saúde, I.P",2020.0,5.0,8478.36,7638.34,0.0,,,,,,,,1.0,0.0,0.0,0.0,0.0,0.0,0.0,1.0,0.0,0.0,0.0,0.0,0.0,0.0,0.0,"Administração Central do Sistema de Saúde, I.P","Administração Central do Sistema de Saúde, I.P",
"Administração Central Do Sistema De Saúde, I.P",2020.0,6.0,8604.62,7638.34,0.0,,,,,,,,1.0,0.0,0.0,0.0,0.0,0.0,0.0,0.0,1.0,0.0,0.0,0.0,0.0,0.0,0.0,"Administração Central do Sistema de Saúde, I.P","Administração Central do Sistema de Saúde, I.P",
"Administração Central Do Sistema De Saúde, I.P",2020.0,7.0,8317.97,0.0,0.0,,,,,,,,1.0,0.0,0.0,0.0,0.0,0.0,0.0,0.0,0.0,1.0,0.0,0.0,0.0,0.0,0.0,"Administração Central do Sistema de Saúde, I.P","Administração Central do Sistema de Saúde, I.P",
"Administração Central Do Sistema De Saúde, I.P",2020.0,8.0,8240.79,0.0,0.0,,,,,,,,1.0,0.0,0.0,0.0,0.0,0.0,0.0,0.0,0.0,0.0,1.0,0.0,0.0,0.0,0.0,"Administração Central do Sistema de Saúde, I.P","Administração Central do Sistema de Saúde, I.P",
"Administração Central Do Sistema De Saúde, I.P",2020.0,9.0,10185.29,0.0,0.0,,,,,,,,1.0,0.0,0.0,0.0,0.0,0.0,0.0,0.0,0.0,0.0,0.0,1.0,0.0,0.0,0.0,"Administração Central do Sistema de Saúde, I.P","Administração Central do Sistema de Saúde, I.P",
"Administração Central Do Sistema De Saúde, I.P",2020.0,10.0,12977.35,0.0,0.0,,,,,,,,1.0,0.0,0.0,0.0,0.0,0.0,0.0,0.0,0.0,0.0,0.0,0.0,1.0,0.0,0.0,"Administração Central do Sistema de Saúde, I.P","Administração Central do Sistema de Saúde, I.P",
"Administração Central Do Sistema De Saúde, I.P",2020.0,11.0,10464.86,5222.62,5222.62,,,,,,,,1.0,0.0,0.0,0.0,0.0,0.0,0.0,0.0,0.0,0.0,0.0,0.0,0.0,1.0,0.0,"Administração Central do Sistema de Saúde, I.P","Administração Central do Sistema de Saúde, I.P",
"Administração Central Do Sistema De Saúde, I.P",2020.0,12.0,114074.58,0.0,0.0,,,,,,,,1.0,0.0,0.0,0.0,0.0,0.0,0.0,0.0,0.0,0.0,0.0,0.0,0.0,0.0,1.0,"Administração Central do Sistema de Saúde, I.P","Administração Central do Sistema de Saúde, I.P",
"Administração Central Do Sistema De Saúde, I.P",2021.0,1.0,43399.34,5222.62,0.0,,,,,,,,1.0,0.0,0.0,1.0,0.0,0.0,0.0,0.0,0.0,0.0,0.0,0.0,0.0,0.0,0.0,"Administração Central do Sistema de Saúde, I.P","Administração Central do Sistema de Saúde, I.P",
"Administração Central Do Sistema De Saúde, I.P",2021.0,2.0,35104.75,0.0,0.0,,,,,,,,1.0,0.0,0.0,0.0,1.0,0.0,0.0,0.0,0.0,0.0,0.0,0.0,0.0,0.0,0.0,"Administração Central do Sistema de Saúde, I.P","Administração Central do Sistema de Saúde, I.P",
"Administração Central Do Sistema De Saúde, I.P",2021.0,3.0,8342.99,5222.62,0.0,,,,,,,,1.0,0.0,0.0,0.0,0.0,1.0,0.0,0.0,0.0,0.0,0.0,0.0,0.0,0.0,0.0,"Administração Central do Sistema de Saúde, I.P","Administração Central do Sistema de Saúde, I.P",
"Administração Central Do Sistema De Saúde, I.P",2021.0,4.0,18777.39,5222.62,0.0,,,,,,,,1.0,0.0,0.0,0.0,0.0,0.0,1.0,0.0,0.0,0.0,0.0,0.0,0.0,0.0,0.0,"Administração Central do Sistema de Saúde, I.P","Administração Central do Sistema de Saúde, I.P",
"Administração Central Do Sistema De Saúde, I.P",2021.0,5.0,8846.81,5222.62,0.0,,,,,,,,1.0,0.0,0.0,0.0,0.0,0.0,0.0,1.0,0.0,0.0,0.0,0.0,0.0,0.0,0.0,"Administração Central do Sistema de Saúde, I.P","Administração Central do Sistema de Saúde, I.P",
"Administração Central Do Sistema De Saúde, I.P",2021.0,6.0,8355.04,5222.62,0.0,,,,,,,,1.0,0.0,0.0,0.0,0.0,0.0,0.0,0.0,1.0,0.0,0.0,0.0,0.0,0.0,0.0,"Administração Central do Sistema de Saúde, I.P","Administração Central do Sistema de Saúde, I.P",
"Administração Central Do Sistema De Saúde, I.P",2021.0,7.0,8500.88,5222.62,0.0,,,,,,,,1.0,0.0,0.0,0.0,0.0,0.0,0.0,0.0,0.0,1.0,0.0,0.0,0.0,0.0,0.0,"Administração Central do Sistema de Saúde, I.P","Administração Central do Sistema de Saúde, I.P",
"Administração Central Do Sistema De Saúde, I.P",2021.0,8.0,8693.98,5222.62,0.0,,,,,,,,1.0,0.0,0.0,0.0,0.0,0.0,0.0,0.0,0.0,0.0,1.0,0.0,0.0,0.0,0.0,"Administração Central do Sistema de Saúde, I.P","Administração Central do Sistema de Saúde, I.P",
"Administração Central Do Sistema De Saúde, I.P",2021.0,9.0,9352.14,5222.62,0.0,,,,,,,,1.0,0.0,0.0,0.0,0.0,0.0,0.0,0.0,0.0,0.0,0.0,1.0,0.0,0.0,0.0,"Administração Central do Sistema de Saúde, I.P","Administração Central do Sistema de Saúde, I.P",
"Administração Central Do Sistema De Saúde, I.P",2021.0,10.0,9985.85,5222.62,0.0,,,,,,,,1.0,0.0,0.0,0.0,0.0,0.0,0.0,0.0,0.0,0.0,0.0,0.0,1.0,0.0,0.0,"Administração Central do Sistema de Saúde, I.P","Administração Central do Sistema de Saúde, I.P",
"Administração Central Do Sistema De Saúde, I.P",2021.0,11.0,8910.57,5222.62,0.0,,,,,,,,1.0,0.0,0.0,0.0,0.0,0.0,0.0,0.0,0.0,0.0,0.0,0.0,0.0,1.0,0.0,"Administração Central do Sistema de Saúde, I.P","Administração Central do Sistema de Saúde, I.P",
"Administração Central Do Sistema De Saúde, I.P",2021.0,12.0,173063.86,5222.62,0.0,,,,,,,,1.0,0.0,0.0,0.0,0.0,0.0,0.0,0.0,0.0,0.0,0.0,0.0,0.0,0.0,1.0,"Administração Central do Sistema de Saúde, I.P","Administração Central do Sistema de Saúde, I.P",
"Administração Central Do Sistema De Saúde, I.P",2022.0,1.0,90794.71,5222.62,5222.62,,,,,,,,0.0,0.0,0.0,1.0,0.0,0.0,0.0,0.0,0.0,0.0,0.0,0.0,0.0,0.0,0.0,"Administração Central do Sistema de Saúde, I.P","Administração Central do Sistema de Saúde, I.P",
"Administração Central Do Sistema De Saúde, I.P",2022.0,2.0,121194.67,34988.62,5222.62,,,,,,,,0.0,0.0,0.0,0.0,1.0,0.0,0.0,0.0,0.0,0.0,0.0,0.0,0.0,0.0,0.0,"Administração Central do Sistema de Saúde, I.P","Administração Central do Sistema de Saúde, I.P",
"Administração Central Do Sistema De Saúde, I.P",2022.0,3.0,223690.86,30591.37,0.0,,,,,,,,0.0,0.0,0.0,0.0,0.0,1.0,0.0,0.0,0.0,0.0,0.0,0.0,0.0,0.0,0.0,"Administração Central do Sistema de Saúde, I.P","Administração Central do Sistema de Saúde, I.P",
"Administração Central Do Sistema De Saúde, I.P",2022.0,4.0,33640.52,25368.75,0.0,,,,,,,,0.0,0.0,0.0,0.0,0.0,0.0,1.0,0.0,0.0,0.0,0.0,0.0,0.0,0.0,0.0,"Administração Central do Sistema de Saúde, I.P","Administração Central do Sistema de Saúde, I.P",
"Administração Central Do Sistema De Saúde, I.P",2022.0,5.0,33638.49,25368.75,0.0,,,,,,,,0.0,0.0,0.0,0.0,0.0,0.0,0.0,1.0,0.0,0.0,0.0,0.0,0.0,0.0,0.0,"Administração Central do Sistema de Saúde, I.P","Administração Central do Sistema de Saúde, I.P",
"Administração Central Do Sistema De Saúde, I.P",2022.0,6.0,33638.49,25368.75,25368.75,,,,,,,,0.0,0.0,0.0,0.0,0.0,0.0,0.0,0.0,1.0,0.0,0.0,0.0,0.0,0.0,0.0,"Administração Central do Sistema de Saúde, I.P","Administração Central do Sistema de Saúde, I.P",
"Administração Central Do Sistema De Saúde, I.P",2022.0,7.0,33986.83,25368.75,25368.75,,,,,,,,0.0,0.0,0.0,0.0,0.0,0.0,0.0,0.0,0.0,1.0,0.0,0.0,0.0,0.0,0.0,"Administração Central do Sistema de Saúde, I.P","Administração Central do Sistema de Saúde, I.P",
"Administração Central Do Sistema De Saúde, I.P",2022.0,8.0,33755.14,25368.75,25368.75,,,,,,,,0.0,0.0,0.0,0.0,0.0,0.0,0.0,0.0,0.0,0.0,1.0,0.0,0.0,0.0,0.0,"Administração Central do Sistema de Saúde, I.P","Administração Central do Sistema de Saúde, I.P",
"Administração Central Do Sistema De Saúde, I.P",2022.0,9.0,8993.74,0.0,0.0,,,,,,,,0.0,0.0,0.0,0.0,0.0,0.0,0.0,0.0,0.0,0.0,0.0,1.0,0.0,0.0,0.0,"Administração Central do Sistema de Saúde, I.P","Administração Central do Sistema de Saúde, I.P",
"Administração Central Do Sistema De Saúde, I.P",2022.0,10.0,8239.93,0.0,0.0,,,,,,,,0.0,0.0,0.0,0.0,0.0,0.0,0.0,0.0,0.0,0.0,0.0,0.0,1.0,0.0,0.0,"Administração Central do Sistema de Saúde, I.P","Administração Central do Sistema de Saúde, I.P",
"Administração Central Do Sistema De Saúde, I.P",2022.0,11.0,12119.85,0.0,0.0,,,,,,,,0.0,0.0,0.0,0.0,0.0,0.0,0.0,0.0,0.0,0.0,0.0,0.0,0.0,1.0,0.0,"Administração Central do Sistema de Saúde, I.P","Administração Central do Sistema de Saúde, I.P",
"Administração Central Do Sistema De Saúde, I.P",2022.0,12.0,11716.26,0.0,0.0,,,,,,,,0.0,0.0,0.0,0.0,0.0,0.0,0.0,0.0,0.0,0.0,0.0,0.0,0.0,0.0,1.0,"Administração Central do Sistema de Saúde, I.P","Administração Central do Sistema de Saúde, I.P",
"Administração Central Do Sistema De Saúde, I.P",2023.0,1.0,194028.15,0.0,0.0,,,,,,,,0.0,0.0,0.0,1.0,0.0,0.0,0.0,0.0,0.0,0.0,0.0,0.0,0.0,0.0,0.0,"Administração Central do Sistema de Saúde, I.P","Administração Central do Sistema de Saúde, I.P",
"Administração Central Do Sistema De Saúde, I.P",2023.0,2.0,131259.86,0.0,0.0,,,,,,,,0.0,0.0,0.0,0.0,1.0,0.0,0.0,0.0,0.0,0.0,0.0,0.0,0.0,0.0,0.0,"Administração Central do Sistema de Saúde, I.P","Administração Central do Sistema de Saúde, I.P",
"Administração Central Do Sistema De Saúde, I.P",2023.0,3.0,8195.19,0.0,0.0,,,,,,,,0.0,0.0,0.0,0.0,0.0,1.0,0.0,0.0,0.0,0.0,0.0,0.0,0.0,0.0,0.0,"Administração Central do Sistema de Saúde, I.P","Administração Central do Sistema de Saúde, I.P",
"Administração Central Do Sistema De Saúde, I.P",2023.0,4.0,8429.22,0.0,0.0,,,,,,,,0.0,0.0,0.0,0.0,0.0,0.0,1.0,0.0,0.0,0.0,0.0,0.0,0.0,0.0,0.0,"Administração Central do Sistema de Saúde, I.P","Administração Central do Sistema de Saúde, I.P",
"Administração Central Do Sistema De Saúde, I.P",2023.0,5.0,8159.19,0.0,0.0,,,,,,,,0.0,0.0,0.0,0.0,0.0,0.0,0.0,1.0,0.0,0.0,0.0,0.0,0.0,0.0,0.0,"Administração Central do Sistema de Saúde, I.P","Administração Central do Sistema de Saúde, I.P",
"Administração Central Do Sistema De Saúde, I.P",2023.0,6.0,8181.81,0.0,0.0,,,,,,,,0.0,0.0,0.0,0.0,0.0,0.0,0.0,0.0,1.0,0.0,0.0,0.0,0.0,0.0,0.0,"Administração Central do Sistema de Saúde, I.P","Administração Central do Sistema de Saúde, I.P",
"Administração Central Do Sistema De Saúde, I.P",2023.0,7.0,2597.31,15.95,0.0,,,,,,,,0.0,0.0,0.0,0.0,0.0,0.0,0.0,0.0,0.0,1.0,0.0,0.0,0.0,0.0,0.0,"Administração Central do Sistema de Saúde, I.P","Administração Central do Sistema de Saúde, I.P",
"Administração Central Do Sistema De Saúde, I.P",2023.0,8.0,8835.4,0.0,0.0,,,,,,,,0.0,0.0,0.0,0.0,0.0,0.0,0.0,0.0,0.0,0.0,1.0,0.0,0.0,0.0,0.0,"Administração Central do Sistema de Saúde, I.P","Administração Central do Sistema de Saúde, I.P",
"Administração Central Do Sistema De Saúde, I.P",2023.0,9.0,8773.93,0.0,0.0,,,,,,,,0.0,0.0,0.0,0.0,0.0,0.0,0.0,0.0,0.0,0.0,0.0,1.0,0.0,0.0,0.0,"Administração Central do Sistema de Saúde, I.P","Administração Central do Sistema de Saúde, I.P",
"Administração Central Do Sistema De Saúde, I.P",2023.0,10.0,8632.25,0.0,0.0,,,,,,,,0.0,0.0,0.0,0.0,0.0,0.0,0.0,0.0,0.0,0.0,0.0,0.0,1.0,0.0,0.0,"Administração Central do Sistema de Saúde, I.P","Administração Central do Sistema de Saúde, I.P",
"Administração Central Do Sistema De Saúde, I.P",2023.0,11.0,77474.66,7654.29,7654.29,,,,,,,,0.0,0.0,0.0,0.0,0.0,0.0,0.0,0.0,0.0,0.0,0.0,0.0,0.0,1.0,0.0,"Administração Central do Sistema de Saúde, I.P","Administração Central do Sistema de Saúde, I.P",
"Administração Central Do Sistema De Saúde, I.P",2023.0,12.0,42008.7,7638.34,7638.34,,,,,,,,0.0,0.0,0.0,0.0,0.0,0.0,0.0,0.0,0.0,0.0,0.0,0.0,0.0,0.0,1.0,"Administração Central do Sistema de Saúde, I.P","Administração Central do Sistema de Saúde, I.P",
Administração Regional De Saúde De Lisboa E Vale Do Tejo,2017.0,1.0,63318902.489999995,13891893.73,-247025.51999999955,,,,,,,,0.0,0.0,0.0,1.0,0.0,0.0,0.0,0.0,0.0,0.0,0.0,0.0,0.0,0.0,0.0,Administração Regional de Saúde de Lisboa e Vale do Tejo,Administração Regional de Saúde de Lisboa e Vale do Tejo,
Administração Regional De Saúde De Lisboa E Vale Do Tejo,2017.0,2.0,94458152.05,2787333.73,-10077.270000000019,,,,,,,,0.0,0.0,0.0,0.0,1.0,0.0,0.0,0.0,0.0,0.0,0.0,0.0,0.0,0.0,0.0,Administração Regional de Saúde de Lisboa e Vale do Tejo,Administração Regional de Saúde de Lisboa e Vale do Tejo,
Administração Regional De Saúde De Lisboa E Vale Do Tejo,2017.0,3.0,90568762.56,643779.54,-10849.929999999935,,,,,,,,0.0,0.0,0.0,0.0,0.0,1.0,0.0,0.0,0.0,0.0,0.0,0.0,0.0,0.0,0.0,Administração Regional de Saúde de Lisboa e Vale do Tejo,Administração Regional de Saúde de Lisboa e Vale do Tejo,
Administração Regional De Saúde De Lisboa E Vale Do Tejo,2017.0,4.0,97878420.11,2540723.6500000004,3646.540000000503,,,,,,,,0.0,0.0,0.0,0.0,0.0,0.0,1.0,0.0,0.0,0.0,0.0,0.0,0.0,0.0,0.0,Administração Regional de Saúde de Lisboa e Vale do Tejo,Administração Regional de Saúde de Lisboa e Vale do Tejo,
Administração Regional De Saúde De Lisboa E Vale Do Tejo,2017.0,5.0,91853125.75,7540379.3,45344.71999999974,,,,,,,,0.0,0.0,0.0,0.0,0.0,0.0,0.0,1.0,0.0,0.0,0.0,0.0,0.0,0.0,0.0,Administração Regional de Saúde de Lisboa e Vale do Tejo,Administração Regional de Saúde de Lisboa e Vale do Tejo,
Administração Regional De Saúde De Lisboa E Vale Do Tejo,2017.0,6.0,98579499.92,7018293.590000001,225930.18000000063,,,,,,,,0.0,0.0,0.0,0.0,0.0,0.0,0.0,0.0,1.0,0.0,0.0,0.0,0.0,0.0,0.0,Administração Regional de Saúde de Lisboa e Vale do Tejo,Administração Regional de Saúde de Lisboa e Vale do Tejo,
Administração Regional De Saúde De Lisboa E Vale Do Tejo,2017.0,7.0,95511563.5,10077550.23,-110968.36999999918,,,,,,,,0.0,0.0,0.0,0.0,0.0,0.0,0.0,0.0,0.0,1.0,0.0,0.0,0.0,0.0,0.0,Administração Regional de Saúde de Lisboa e Vale do Tejo,Administração Regional de Saúde de Lisboa e Vale do Tejo,
Administração Regional De Saúde De Lisboa E Vale Do Tejo,2017.0,8.0,92781494.06,8290371.06,-60033.81000000052,,,,,,,,0.0,0.0,0.0,0.0,0.0,0.0,0.0,0.0,0.0,0.0,1.0,0.0,0.0,0.0,0.0,Administração Regional de Saúde de Lisboa e Vale do Tejo,Administração Regional de Saúde de Lisboa e Vale do Tejo,
Administração Regional De Saúde De Lisboa E Vale Do Tejo,2017.0,9.0,91288740.96,9678294.3,1020071.1000000015,,,,,,,,0.0,0.0,0.0,0.0,0.0,0.0,0.0,0.0,0.0,0.0,0.0,1.0,0.0,0.0,0.0,Administração Regional de Saúde de Lisboa e Vale do Tejo,Administração Regional de Saúde de Lisboa e Vale do Tejo,
Administração Regional De Saúde De Lisboa E Vale Do Tejo,2017.0,10.0,79380990.47,7141826.99,-147398.41000000015,,,,,,,,0.0,0.0,0.0,0.0,0.0,0.0,0.0,0.0,0.0,0.0,0.0,0.0,1.0,0.0,0.0,Administração Regional de Saúde de Lisboa e Vale do Tejo,Administração Regional de Saúde de Lisboa e Vale do Tejo,
Administração Regional De Saúde De Lisboa E Vale Do Tejo,2017.0,11.0,20194396.93,8121031.63,623531.1100000003,,,,,,,,0.0,0.0,0.0,0.0,0.0,0.0,0.0,0.0,0.0,0.0,0.0,0.0,0.0,1.0,0.0,Administração Regional de Saúde de Lisboa e Vale do Tejo,Administração Regional de Saúde de Lisboa e Vale do Tejo,
Administração Regional De Saúde De Lisboa E Vale Do Tejo,2017.0,12.0,557092.29,71432.99,24774.240000000005,,,,,,,,0.0,0.0,0.0,0.0,0.0,0.0,0.0,0.0,0.0,0.0,0.0,0.0,0.0,0.0,1.0,Administração Regional de Saúde de Lisboa e Vale do Tejo,Administração Regional de Saúde de Lisboa e Vale do Tejo,
Administração Regional De Saúde De Lisboa E Vale Do Tejo,2018.0,1.0,85314983.84,182835.3,8095.639999999985,,,,,,,,0.0,0.0,0.0,1.0,0.0,0.0,0.0,0.0,0.0,0.0,0.0,0.0,0.0,0.0,0.0,Administração Regional de Saúde de Lisboa e Vale do Tejo,Administração Regional de Saúde de Lisboa e Vale do Tejo,
Administração Regional De Saúde De Lisboa E Vale Do Tejo,2018.0,2.0,95800931.47,7098660.42,41984.18999999948,,,,,,,,0.0,0.0,0.0,0.0,1.0,0.0,0.0,0.0,0.0,0.0,0.0,0.0,0.0,0.0,0.0,Administração Regional de Saúde de Lisboa e Vale do Tejo,Administração Regional de Saúde de Lisboa e Vale do Tejo,
Administração Regional De Saúde De Lisboa E Vale Do Tejo,2018.0,3.0,88657656.14999999,7810178.71,493905.7000000002,,,,,,,,0.0,0.0,0.0,0.0,0.0,1.0,0.0,0.0,0.0,0.0,0.0,0.0,0.0,0.0,0.0,Administração Regional de Saúde de Lisboa e Vale do Tejo,Administração Regional de Saúde de Lisboa e Vale do Tejo,
Administração Regional De Saúde De Lisboa E Vale Do Tejo,2018.0,4.0,96598731.03,9033225.54,1243565.879999999,,,,,,,,0.0,0.0,0.0,0.0,0.0,0.0,1.0,0.0,0.0,0.0,0.0,0.0,0.0,0.0,0.0,Administração Regional de Saúde de Lisboa e Vale do Tejo,Administração Regional de Saúde de Lisboa e Vale do Tejo,
Administração Regional De Saúde De Lisboa E Vale Do Tejo,2018.0,5.0,89823087.28,2916229.51,2282752.42,,,,,,,,0.0,0.0,0.0,0.0,0.0,0.0,0.0,1.0,0.0,0.0,0.0,0.0,0.0,0.0,0.0,Administração Regional de Saúde de Lisboa e Vale do Tejo,Administração Regional de Saúde de Lisboa e Vale do Tejo,
Administração Regional De Saúde De Lisboa E Vale Do Tejo,2018.0,6.0,89759600.47,2100237.4000000004,31699.150000000373,,,,,,,,0.0,0.0,0.0,0.0,0.0,0.0,0.0,0.0,1.0,0.0,0.0,0.0,0.0,0.0,0.0,Administração Regional de Saúde de Lisboa e Vale do Tejo,Administração Regional de Saúde de Lisboa e Vale do Tejo,
Administração Regional De Saúde De Lisboa E Vale Do Tejo,2018.0,7.0,86566681.80999999,749273.49,51378.45999999996,,,,,,,,0.0,0.0,0.0,0.0,0.0,0.0,0.0,0.0,0.0,1.0,0.0,0.0,0.0,0.0,0.0,Administração Regional de Saúde de Lisboa e Vale do Tejo,Administração Regional de Saúde de Lisboa e Vale do Tejo,
Administração Regional De Saúde De Lisboa E Vale Do Tejo,2018.0,8.0,86566312.61,748904.29,51009.26000000001,,,,,,,,0.0,0.0,0.0,0.0,0.0,0.0,0.0,0.0,0.0,0.0,1.0,0.0,0.0,0.0,0.0,Administração Regional de Saúde de Lisboa e Vale do Tejo,Administração Regional de Saúde de Lisboa e Vale do Tejo,
Administração Regional De Saúde De Lisboa E Vale Do Tejo,2018.0,9.0,48361433.86,956190.6,106740.92999999993,,,,,,,,0.0,0.0,0.0,0.0,0.0,0.0,0.0,0.0,0.0,0.0,0.0,1.0,0.0,0.0,0.0,Administração Regional de Saúde de Lisboa e Vale do Tejo,Administração Regional de Saúde de Lisboa e Vale do Tejo,
Administração Regional De Saúde De Lisboa E Vale Do Tejo,2018.0,10.0,42126665.58,340419.28,76871.39000000001,,,,,,,,0.0,0.0,0.0,0.0,0.0,0.0,0.0,0.0,0.0,0.0,0.0,0.0,1.0,0.0,0.0,Administração Regional de Saúde de Lisboa e Vale do Tejo,Administração Regional de Saúde de Lisboa e Vale do Tejo,
Administração Regional De Saúde De Lisboa E Vale Do Tejo,2018.0,11.0,4238800.5,565283.3200000001,114836.21000000008,,,,,,,,0.0,0.0,0.0,0.0,0.0,0.0,0.0,0.0,0.0,0.0,0.0,0.0,0.0,1.0,0.0,Administração Regional de Saúde de Lisboa e Vale do Tejo,Administração Regional de Saúde de Lisboa e Vale do Tejo,
Administração Regional De Saúde De Lisboa E Vale Do Tejo,2018.0,12.0,43247841.79,-71359.65,152892.43,,,,,,,,0.0,0.0,0.0,0.0,0.0,0.0,0.0,0.0,0.0,0.0,0.0,0.0,0.0,0.0,1.0,Administração Regional de Saúde de Lisboa e Vale do Tejo,Administração Regional de Saúde de Lisboa e Vale do Tejo,
Administração Regional De Saúde De Lisboa E Vale Do Tejo,2019.0,1.0,89337109.05,1667651.59,150067.25,,,,,,,,0.0,0.0,0.0,1.0,0.0,0.0,0.0,0.0,0.0,0.0,0.0,0.0,0.0,0.0,0.0,Administração Regional de Saúde de Lisboa e Vale do Tejo,Administração Regional de Saúde de Lisboa e Vale do Tejo,
Administração Regional De Saúde De Lisboa E Vale Do Tejo,2019.0,2.0,94272427.86,1765383.42,241144.52000000002,,,,,,,,0.0,0.0,0.0,0.0,1.0,0.0,0.0,0.0,0.0,0.0,0.0,0.0,0.0,0.0,0.0,Administração Regional de Saúde de Lisboa e Vale do Tejo,Administração Regional de Saúde de Lisboa e Vale do Tejo,
Administração Regional De Saúde De Lisboa E Vale Do Tejo,2019.0,3.0,94634104.52,5261618.85,708646.0,,,,,,,,0.0,0.0,0.0,0.0,0.0,1.0,0.0,0.0,0.0,0.0,0.0,0.0,0.0,0.0,0.0,Administração Regional de Saúde de Lisboa e Vale do Tejo,Administração Regional de Saúde de Lisboa e Vale do Tejo,
Administração Regional De Saúde De Lisboa E Vale Do Tejo,2019.0,4.0,95158004.64,6726995.65,1618907.8200000003,,,,,,,,0.0,0.0,0.0,0.0,0.0,0.0,1.0,0.0,0.0,0.0,0.0,0.0,0.0,0.0,0.0,Administração Regional de Saúde de Lisboa e Vale do Tejo,Administração Regional de Saúde de Lisboa e Vale do Tejo,
Administração Regional De Saúde De Lisboa E Vale Do Tejo,2019.0,5.0,92700422.92,5704002.919999999,1912599.269999999,,,,,,,,0.0,0.0,0.0,0.0,0.0,0.0,0.0,1.0,0.0,0.0,0.0,0.0,0.0,0.0,0.0,Administração Regional de Saúde de Lisboa e Vale do Tejo,Administração Regional de Saúde de Lisboa e Vale do Tejo,
Administração Regional De Saúde De Lisboa E Vale Do Tejo,2019.0,6.0,96947677.17,5138695.999999999,1897331.4699999993,,,,,,,,0.0,0.0,0.0,0.0,0.0,0.0,0.0,0.0,1.0,0.0,0.0,0.0,0.0,0.0,0.0,Administração Regional de Saúde de Lisboa e Vale do Tejo,Administração Regional de Saúde de Lisboa e Vale do Tejo,
Administração Regional De Saúde De Lisboa E Vale Do Tejo,2019.0,7.0,91954858.85000001,4668590.01,1946483.8099999996,,,,,,,,0.0,0.0,0.0,0.0,0.0,0.0,0.0,0.0,0.0,1.0,0.0,0.0,0.0,0.0,0.0,Administração Regional de Saúde de Lisboa e Vale do Tejo,Administração Regional de Saúde de Lisboa e Vale do Tejo,
Administração Regional De Saúde De Lisboa E Vale Do Tejo,2019.0,8.0,100725497.39,6652989.24,1985843.0899999999,,,,,,,,0.0,0.0,0.0,0.0,0.0,0.0,0.0,0.0,0.0,0.0,1.0,0.0,0.0,0.0,0.0,Administração Regional de Saúde de Lisboa e Vale do Tejo,Administração Regional de Saúde de Lisboa e Vale do Tejo,
Administração Regional De Saúde De Lisboa E Vale Do Tejo,2019.0,9.0,88607813.2,4058470.26,-1747.5500000002794,,,,,,,,0.0,0.0,0.0,0.0,0.0,0.0,0.0,0.0,0.0,0.0,0.0,1.0,0.0,0.0,0.0,Administração Regional de Saúde de Lisboa e Vale do Tejo,Administração Regional de Saúde de Lisboa e Vale do Tejo,
Administração Regional De Saúde De Lisboa E Vale Do Tejo,2019.0,10.0,66886938.14,4246648.0,44987.39,,,,,,,,0.0,1.0,0.0,0.0,0.0,0.0,0.0,0.0,0.0,0.0,0.0,0.0,1.0,0.0,0.0,Administração Regional de Saúde de Lisboa e Vale do Tejo,Administração Regional de Saúde de Lisboa e Vale do Tejo,
Administração Regional De Saúde De Lisboa E Vale Do Tejo,2019.0,11.0,7649002.92,5372024.44,1027155.05,,,,,,,,0.0,0.0,0.0,0.0,0.0,0.0,0.0,0.0,0.0,0.0,0.0,0.0,0.0,1.0,0.0,Administração Regional de Saúde de Lisboa e Vale do Tejo,Administração Regional de Saúde de Lisboa e Vale do Tejo,
Administração Regional De Saúde De Lisboa E Vale Do Tejo,2019.0,12.0,93865944.33,127243.41,71025.76,,,,,,,,0.0,0.0,0.0,0.0,0.0,0.0,0.0,0.0,0.0,0.0,0.0,0.0,0.0,0.0,1.0,Administração Regional de Saúde de Lisboa e Vale do Tejo,Administração Regional de Saúde de Lisboa e Vale do Tejo,
Administração Regional De Saúde De Lisboa E Vale Do Tejo,2020.0,1.0,94575524.74,1489583.25,-50690.65,,,,,,,,0.0,0.0,0.0,1.0,0.0,0.0,0.0,0.0,0.0,0.0,0.0,0.0,0.0,0.0,0.0,Administração Regional de Saúde de Lisboa e Vale do Tejo,Administração Regional de Saúde de Lisboa e Vale do Tejo,
Administração Regional De Saúde De Lisboa E Vale Do Tejo,2020.0,2.0,96312272.78,3013121.23,-65249.01,,,,,,,,0.0,0.0,0.0,0.0,1.0,0.0,0.0,0.0,0.0,0.0,0.0,0.0,0.0,0.0,0.0,Administração Regional de Saúde de Lisboa e Vale do Tejo,Administração Regional de Saúde de Lisboa e Vale do Tejo,
Administração Regional De Saúde De Lisboa E Vale Do Tejo,2020.0,3.0,94127996.29,13806511.1,-40962.78,,,,,,,,1.0,0.0,0.0,0.0,0.0,1.0,0.0,0.0,0.0,0.0,0.0,0.0,0.0,0.0,0.0,Administração Regional de Saúde de Lisboa e Vale do Tejo,Administração Regional de Saúde de Lisboa e Vale do Tejo,
Administração Regional De Saúde De Lisboa E Vale Do Tejo,2020.0,4.0,103502948.48,14086580.56,1257949.69,,,,,,,,1.0,0.0,0.0,0.0,0.0,0.0,1.0,0.0,0.0,0.0,0.0,0.0,0.0,0.0,0.0,Administração Regional de Saúde de Lisboa e Vale do Tejo,Administração Regional de Saúde de Lisboa e Vale do Tejo,
Administração Regional De Saúde De Lisboa E Vale Do Tejo,2020.0,5.0,56521236.33,906368.48,149477.15,,,,,,,,1.0,0.0,0.0,0.0,0.0,0.0,0.0,1.0,0.0,0.0,0.0,0.0,0.0,0.0,0.0,Administração Regional de Saúde de Lisboa e Vale do Tejo,Administração Regional de Saúde de Lisboa e Vale do Tejo,
Administração Regional De Saúde De Lisboa E Vale Do Tejo,2020.0,6.0,77948435.79,881812.08,505427.51,,,,,,,,1.0,0.0,0.0,0.0,0.0,0.0,0.0,0.0,1.0,0.0,0.0,0.0,0.0,0.0,0.0,Administração Regional de Saúde de Lisboa e Vale do Tejo,Administração Regional de Saúde de Lisboa e Vale do Tejo,
Administração Regional De Saúde De Lisboa E Vale Do Tejo,2020.0,7.0,82572154.39,1001002.17,532104.33,,,,,,,,1.0,0.0,0.0,0.0,0.0,0.0,0.0,0.0,0.0,1.0,0.0,0.0,0.0,0.0,0.0,Administração Regional de Saúde de Lisboa e Vale do Tejo,Administração Regional de Saúde de Lisboa e Vale do Tejo,
Administração Regional De Saúde De Lisboa E Vale Do Tejo,2020.0,8.0,94881454.29,2412013.67,1383758.22,,,,,,,,1.0,0.0,0.0,0.0,0.0,0.0,0.0,0.0,0.0,0.0,1.0,0.0,0.0,0.0,0.0,Administração Regional de Saúde de Lisboa e Vale do Tejo,Administração Regional de Saúde de Lisboa e Vale do Tejo,
Administração Regional De Saúde De Lisboa E Vale Do Tejo,2020.0,9.0,88428048.03,3290599.74,893760.03,,,,,,,,1.0,0.0,0.0,0.0,0.0,0.0,0.0,0.0,0.0,0.0,0.0,1.0,0.0,0.0,0.0,Administração Regional de Saúde de Lisboa e Vale do Tejo,Administração Regional de Saúde de Lisboa e Vale do Tejo,
Administração Regional De Saúde De Lisboa E Vale Do Tejo,2020.0,10.0,91897514.29,2534131.54,996074.26,,,,,,,,1.0,0.0,0.0,0.0,0.0,0.0,0.0,0.0,0.0,0.0,0.0,0.0,1.0,0.0,0.0,Administração Regional de Saúde de Lisboa e Vale do Tejo,Administração Regional de Saúde de Lisboa e Vale do Tejo,
Administração Regional De Saúde De Lisboa E Vale Do Tejo,2020.0,11.0,46211302.09,3628529.96,788296.33,,,,,,,,1.0,0.0,0.0,0.0,0.0,0.0,0.0,0.0,0.0,0.0,0.0,0.0,0.0,1.0,0.0,Administração Regional de Saúde de Lisboa e Vale do Tejo,Administração Regional de Saúde de Lisboa e Vale do Tejo,
Administração Regional De Saúde De Lisboa E Vale Do Tejo,2020.0,12.0,101804705.47,295259.76,281296.0,,,,,,,,1.0,0.0,0.0,0.0,0.0,0.0,0.0,0.0,0.0,0.0,0.0,0.0,0.0,0.0,1.0,Administração Regional de Saúde de Lisboa e Vale do Tejo,Administração Regional de Saúde de Lisboa e Vale do Tejo,
Administração Regional De Saúde De Lisboa E Vale Do Tejo,2021.0,1.0,116434278.59,15947366.88,147368.0,,,,,,,,1.0,0.0,0.0,1.0,0.0,0.0,0.0,0.0,0.0,0.0,0.0,0.0,0.0,0.0,0.0,Administração Regional de Saúde de Lisboa e Vale do Tejo,Administração Regional de Saúde de Lisboa e Vale do Tejo,
Administração Regional De Saúde De Lisboa E Vale Do Tejo,2021.0,2.0,104699407.99,-60611.05,106792.53,,,,,,,,1.0,0.0,0.0,0.0,1.0,0.0,0.0,0.0,0.0,0.0,0.0,0.0,0.0,0.0,0.0,Administração Regional de Saúde de Lisboa e Vale do Tejo,Administração Regional de Saúde de Lisboa e Vale do Tejo,
Administração Regional De Saúde De Lisboa E Vale Do Tejo,2021.0,3.0,102986408.29,1241229.39,1300292.82,,,,,,,,1.0,0.0,0.0,0.0,0.0,1.0,0.0,0.0,0.0,0.0,0.0,0.0,0.0,0.0,0.0,Administração Regional de Saúde de Lisboa e Vale do Tejo,Administração Regional de Saúde de Lisboa e Vale do Tejo,
Administração Regional De Saúde De Lisboa E Vale Do Tejo,2021.0,4.0,101737067.53,1049630.9,300886.79,,,,,,,,1.0,0.0,0.0,0.0,0.0,0.0,1.0,0.0,0.0,0.0,0.0,0.0,0.0,0.0,0.0,Administração Regional de Saúde de Lisboa e Vale do Tejo,Administração Regional de Saúde de Lisboa e Vale do Tejo,
Administração Regional De Saúde De Lisboa E Vale Do Tejo,2021.0,5.0,98345095.4,879073.84,385481.22,,,,,,,,1.0,0.0,0.0,0.0,0.0,0.0,0.0,1.0,0.0,0.0,0.0,0.0,0.0,0.0,0.0,Administração Regional de Saúde de Lisboa e Vale do Tejo,Administração Regional de Saúde de Lisboa e Vale do Tejo,
Administração Regional De Saúde De Lisboa E Vale Do Tejo,2021.0,6.0,100920778.53,1459595.98,916235.32,,,,,,,,1.0,0.0,0.0,0.0,0.0,0.0,0.0,0.0,1.0,0.0,0.0,0.0,0.0,0.0,0.0,Administração Regional de Saúde de Lisboa e Vale do Tejo,Administração Regional de Saúde de Lisboa e Vale do Tejo,
Administração Regional De Saúde De Lisboa E Vale Do Tejo,2021.0,7.0,105335667.53,5480076.65,3800639.08,,,,,,,,1.0,0.0,0.0,0.0,0.0,0.0,0.0,0.0,0.0,1.0,0.0,0.0,0.0,0.0,0.0,Administração Regional de Saúde de Lisboa e Vale do Tejo,Administração Regional de Saúde de Lisboa e Vale do Tejo,
Administração Regional De Saúde De Lisboa E Vale Do Tejo,2021.0,8.0,97973424.26,1192629.04,498741.39,,,,,,,,1.0,0.0,0.0,0.0,0.0,0.0,0.0,0.0,0.0,0.0,1.0,0.0,0.0,0.0,0.0,Administração Regional de Saúde de Lisboa e Vale do Tejo,Administração Regional de Saúde de Lisboa e Vale do Tejo,
Administração Regional De Saúde De Lisboa E Vale Do Tejo,2021.0,9.0,92256319.16,27821170.37,240747.01,,,,,,,,1.0,0.0,0.0,0.0,0.0,0.0,0.0,0.0,0.0,0.0,0.0,1.0,0.0,0.0,0.0,Administração Regional de Saúde de Lisboa e Vale do Tejo,Administração Regional de Saúde de Lisboa e Vale do Tejo,
Administração Regional De Saúde De Lisboa E Vale Do Tejo,2021.0,10.0,63043161.48,7551848.89,486152.9,,,,,,,,1.0,0.0,0.0,0.0,0.0,0.0,0.0,0.0,0.0,0.0,0.0,0.0,1.0,0.0,0.0,Administração Regional de Saúde de Lisboa e Vale do Tejo,Administração Regional de Saúde de Lisboa e Vale do Tejo,
Administração Regional De Saúde De Lisboa E Vale Do Tejo,2021.0,11.0,1236136.08,749482.56,272257.48,,,,,,,,1.0,0.0,0.0,0.0,0.0,0.0,0.0,0.0,0.0,0.0,0.0,0.0,0.0,1.0,0.0,Administração Regional de Saúde de Lisboa e Vale do Tejo,Administração Regional de Saúde de Lisboa e Vale do Tejo,
Administração Regional De Saúde De Lisboa E Vale Do Tejo,2021.0,12.0,46525438.01,141027.79,279551.03,,,,,,,,1.0,0.0,0.0,0.0,0.0,0.0,0.0,0.0,0.0,0.0,0.0,0.0,0.0,0.0,1.0,Administração Regional de Saúde de Lisboa e Vale do Tejo,Administração Regional de Saúde de Lisboa e Vale do Tejo,
Administração Regional De Saúde De Lisboa E Vale Do Tejo,2022.0,1.0,145574375.91,7112424.02,1506009.03,,,,,,,,0.0,0.0,0.0,1.0,0.0,0.0,0.0,0.0,0.0,0.0,0.0,0.0,0.0,0.0,0.0,Administração Regional de Saúde de Lisboa e Vale do Tejo,Administração Regional de Saúde de Lisboa e Vale do Tejo,
Administração Regional De Saúde De Lisboa E Vale Do Tejo,2022.0,2.0,159984813.31,1302414.15,930128.5,,,,,,,,0.0,0.0,0.0,0.0,1.0,0.0,0.0,0.0,0.0,0.0,0.0,0.0,0.0,0.0,0.0,Administração Regional de Saúde de Lisboa e Vale do Tejo,Administração Regional de Saúde de Lisboa e Vale do Tejo,
Administração Regional De Saúde De Lisboa E Vale Do Tejo,2022.0,3.0,160843220.06,1073169.48,871211.65,,,,,,,,0.0,0.0,0.0,0.0,0.0,1.0,0.0,0.0,0.0,0.0,0.0,0.0,0.0,0.0,0.0,Administração Regional de Saúde de Lisboa e Vale do Tejo,Administração Regional de Saúde de Lisboa e Vale do Tejo,
Administração Regional De Saúde De Lisboa E Vale Do Tejo,2022.0,4.0,199069223.68,2608420.72,503714.13,,,,,,,,0.0,0.0,0.0,0.0,0.0,0.0,1.0,0.0,0.0,0.0,0.0,0.0,0.0,0.0,0.0,Administração Regional de Saúde de Lisboa e Vale do Tejo,Administração Regional de Saúde de Lisboa e Vale do Tejo,
Administração Regional De Saúde De Lisboa E Vale Do Tejo,2022.0,5.0,138142525.46,20293504.35,585807.95,,,,,,,,0.0,0.0,0.0,0.0,0.0,0.0,0.0,1.0,0.0,0.0,0.0,0.0,0.0,0.0,0.0,Administração Regional de Saúde de Lisboa e Vale do Tejo,Administração Regional de Saúde de Lisboa e Vale do Tejo,
Administração Regional De Saúde De Lisboa E Vale Do Tejo,2022.0,6.0,136104349.03,56387354.07,329809.84,,,,,,,,0.0,0.0,0.0,0.0,0.0,0.0,0.0,0.0,1.0,0.0,0.0,0.0,0.0,0.0,0.0,Administração Regional de Saúde de Lisboa e Vale do Tejo,Administração Regional de Saúde de Lisboa e Vale do Tejo,
Administração Regional De Saúde De Lisboa E Vale Do Tejo,2022.0,7.0,50021876.59,1463005.44,981165.81,,,,,,,,0.0,0.0,0.0,0.0,0.0,0.0,0.0,0.0,0.0,1.0,0.0,0.0,0.0,0.0,0.0,Administração Regional de Saúde de Lisboa e Vale do Tejo,Administração Regional de Saúde de Lisboa e Vale do Tejo,
Administração Regional De Saúde De Lisboa E Vale Do Tejo,2022.0,8.0,87716205.87,36376530.82,12280.73,,,,,,,,0.0,0.0,0.0,0.0,0.0,0.0,0.0,0.0,0.0,0.0,1.0,0.0,0.0,0.0,0.0,Administração Regional de Saúde de Lisboa e Vale do Tejo,Administração Regional de Saúde de Lisboa e Vale do Tejo,
Administração Regional De Saúde De Lisboa E Vale Do Tejo,2022.0,9.0,18390371.88,10433431.41,78045.37,,,,,,,,0.0,0.0,0.0,0.0,0.0,0.0,0.0,0.0,0.0,0.0,0.0,1.0,0.0,0.0,0.0,Administração Regional de Saúde de Lisboa e Vale do Tejo,Administração Regional de Saúde de Lisboa e Vale do Tejo,
Administração Regional De Saúde De Lisboa E Vale Do Tejo,2022.0,10.0,9064506.49,1612578.34,207149.51,,,,,,,,0.0,0.0,0.0,0.0,0.0,0.0,0.0,0.0,0.0,0.0,0.0,0.0,1.0,0.0,0.0,Administração Regional de Saúde de Lisboa e Vale do Tejo,Administração Regional de Saúde de Lisboa e Vale do Tejo,
Administração Regional De Saúde De Lisboa E Vale Do Tejo,2022.0,11.0,14349327.3,1594671.62,179313.53,,,,,,,,0.0,0.0,0.0,0.0,0.0,0.0,0.0,0.0,0.0,0.0,0.0,0.0,0.0,1.0,0.0,Administração Regional de Saúde de Lisboa e Vale do Tejo,Administração Regional de Saúde de Lisboa e Vale do Tejo,
Administração Regional De Saúde De Lisboa E Vale Do Tejo,2022.0,12.0,144177740.02,27810964.0,383370.85,,,,,,,,0.0,0.0,0.0,0.0,0.0,0.0,0.0,0.0,0.0,0.0,0.0,0.0,0.0,0.0,1.0,Administração Regional de Saúde de Lisboa e Vale do Tejo,Administração Regional de Saúde de Lisboa e Vale do Tejo,
Administração Regional De Saúde De Lisboa E Vale Do Tejo,2023.0,1.0,156824830.69,32901660.54,263588.76,,,,,,,,0.0,0.0,0.0,1.0,0.0,0.0,0.0,0.0,0.0,0.0,0.0,0.0,0.0,0.0,0.0,Administração Regional de Saúde de Lisboa e Vale do Tejo,Administração Regional de Saúde de Lisboa e Vale do Tejo,
Administração Regional De Saúde De Lisboa E Vale Do Tejo,2023.0,2.0,157034440.82,5702648.19,2502374.97,,,,,,,,0.0,0.0,0.0,0.0,1.0,0.0,0.0,0.0,0.0,0.0,0.0,0.0,0.0,0.0,0.0,Administração Regional de Saúde de Lisboa e Vale do Tejo,Administração Regional de Saúde de Lisboa e Vale do Tejo,
Administração Regional De Saúde De Lisboa E Vale Do Tejo,2023.0,3.0,100497579.64,3060690.52,851547.8,,,,,,,,0.0,0.0,0.0,0.0,0.0,1.0,0.0,0.0,0.0,0.0,0.0,0.0,0.0,0.0,0.0,Administração Regional de Saúde de Lisboa e Vale do Tejo,Administração Regional de Saúde de Lisboa e Vale do Tejo,
Administração Regional De Saúde De Lisboa E Vale Do Tejo,2023.0,4.0,152633490.96,7069360.92,705591.27,,,,,,,,0.0,0.0,0.0,0.0,0.0,0.0,1.0,0.0,0.0,0.0,0.0,0.0,0.0,0.0,0.0,Administração Regional de Saúde de Lisboa e Vale do Tejo,Administração Regional de Saúde de Lisboa e Vale do Tejo,
Administração Regional De Saúde De Lisboa E Vale Do Tejo,2023.0,5.0,140301879.99,23588254.56,1835189.2,,,,,,,,0.0,0.0,0.0,0.0,0.0,0.0,0.0,1.0,0.0,0.0,0.0,0.0,0.0,0.0,0.0,Administração Regional de Saúde de Lisboa e Vale do Tejo,Administração Regional de Saúde de Lisboa e Vale do Tejo,
Administração Regional De Saúde De Lisboa E Vale Do Tejo,2023.0,6.0,151908500.79,26824937.32,2056869.66,,,,,,,,0.0,0.0,0.0,0.0,0.0,0.0,0.0,0.0,1.0,0.0,0.0,0.0,0.0,0.0,0.0,Administração Regional de Saúde de Lisboa e Vale do Tejo,Administração Regional de Saúde de Lisboa e Vale do Tejo,
Administração Regional De Saúde De Lisboa E Vale Do Tejo,2023.0,7.0,145940788.26,24955344.62,1605828.23,,,,,,,,0.0,0.0,0.0,0.0,0.0,0.0,0.0,0.0,0.0,1.0,0.0,0.0,0.0,0.0,0.0,Administração Regional de Saúde de Lisboa e Vale do Tejo,Administração Regional de Saúde de Lisboa e Vale do Tejo,
Administração Regional De Saúde De Lisboa E Vale Do Tejo,2023.0,8.0,118054745.3,26426341.36,484432.13,,,,,,,,0.0,0.0,0.0,0.0,0.0,0.0,0.0,0.0,0.0,0.0,1.0,0.0,0.0,0.0,0.0,Administração Regional de Saúde de Lisboa e Vale do Tejo,Administração Regional de Saúde de Lisboa e Vale do Tejo,
Administração Regional De Saúde De Lisboa E Vale Do Tejo,2023.0,9.0,76994512.03,18014717.68,148831.67,,,,,,,,0.0,0.0,0.0,0.0,0.0,0.0,0.0,0.0,0.0,0.0,0.0,1.0,0.0,0.0,0.0,Administração Regional de Saúde de Lisboa e Vale do Tejo,Administração Regional de Saúde de Lisboa e Vale do Tejo,
Administração Regional De Saúde De Lisboa E Vale Do Tejo,2023.0,10.0,56961403.96,7205230.81,135443.41,,,,,,,,0.0,0.0,0.0,0.0,0.0,0.0,0.0,0.0,0.0,0.0,0.0,0.0,1.0,0.0,0.0,Administração Regional de Saúde de Lisboa e Vale do Tejo,Administração Regional de Saúde de Lisboa e Vale do Tejo,
Administração Regional De Saúde De Lisboa E Vale Do Tejo,2023.0,11.0,115663005.38,51878555.13,298760.41,,,,,,,,0.0,0.0,0.0,0.0,0.0,0.0,0.0,0.0,0.0,0.0,0.0,0.0,0.0,1.0,0.0,Administração Regional de Saúde de Lisboa e Vale do Tejo,Administração Regional de Saúde de Lisboa e Vale do Tejo,
Administração Regional De Saúde De Lisboa E Vale Do Tejo,2023.0,12.0,495975.17,142212.35,75012.99,,,,,,,,0.0,0.0,0.0,0.0,0.0,0.0,0.0,0.0,0.0,0.0,0.0,0.0,0.0,0.0,1.0,Administração Regional de Saúde de Lisboa e Vale do Tejo,Administração Regional de Saúde de Lisboa e Vale do Tejo,
Administração Regional De Saúde De Lisboa E Vale Do Tejo,2024.0,9.0,13482959.89,363189.27,363189.27,,,,,,,,0.0,0.0,1.0,0.0,0.0,0.0,0.0,0.0,0.0,0.0,0.0,1.0,0.0,0.0,0.0,Administração Regional de Saúde de Lisboa e Vale do Tejo,Administração Regional de Saúde de Lisboa e Vale do Tejo,
Administração Regional De Saúde De Lisboa E Vale Do Tejo,2024.0,10.0,288981.66,21160.09,20295.39,,,,,,,,0.0,1.0,1.0,0.0,0.0,0.0,0.0,0.0,0.0,0.0,0.0,0.0,1.0,0.0,0.0,Administração Regional de Saúde de Lisboa e Vale do Tejo,Administração Regional de Saúde de Lisboa e Vale do Tejo,
Administração Regional De Saúde De Lisboa E Vale Do Tejo,2024.0,11.0,298913.01,10585.66,10401.2,,,,,,,,0.0,0.0,1.0,0.0,0.0,0.0,0.0,0.0,0.0,0.0,0.0,0.0,0.0,1.0,0.0,Administração Regional de Saúde de Lisboa e Vale do Tejo,Administração Regional de Saúde de Lisboa e Vale do Tejo,
Administração Regional De Saúde De Lisboa E Vale Do Tejo,2024.0,12.0,278157.42,10432.66,10432.66,,,,,,,,0.0,0.0,1.0,0.0,0.0,0.0,0.0,0.0,0.0,0.0,0.0,0.0,0.0,0.0,1.0,Administração Regional de Saúde de Lisboa e Vale do Tejo,Administração Regional de Saúde de Lisboa e Vale do Tejo,
Administração Regional De Saúde Do Alentejo,2017.0,1.0,8122875.67,203211.12,4887.079999999987,,,,,,,,0.0,0.0,0.0,1.0,0.0,0.0,0.0,0.0,0.0,0.0,0.0,0.0,0.0,0.0,0.0,Administração Regional de Saúde do Alentejo,Administração Regional de Saúde do Alentejo,
Administração Regional De Saúde Do Alentejo,2017.0,2.0,7408597.26,237791.68000000002,5491.880000000034,,,,,,,,0.0,0.0,0.0,0.0,1.0,0.0,0.0,0.0,0.0,0.0,0.0,0.0,0.0,0.0,0.0,Administração Regional de Saúde do Alentejo,Administração Regional de Saúde do Alentejo,
Administração Regional De Saúde Do Alentejo,2017.0,3.0,7803224.85,10836.09,3450.17,,,,,,,,0.0,0.0,0.0,0.0,0.0,1.0,0.0,0.0,0.0,0.0,0.0,0.0,0.0,0.0,0.0,Administração Regional de Saúde do Alentejo,Administração Regional de Saúde do Alentejo,
Administração Regional De Saúde Do Alentejo,2017.0,4.0,9184270.0,195593.41,5728.25,,,,,,,,0.0,0.0,0.0,0.0,0.0,0.0,1.0,0.0,0.0,0.0,0.0,0.0,0.0,0.0,0.0,Administração Regional de Saúde do Alentejo,Administração Regional de Saúde do Alentejo,
Administração Regional De Saúde Do Alentejo,2017.0,5.0,6833806.600000001,511312.03,-2716.7699999999604,,,,,,,,0.0,0.0,0.0,0.0,0.0,0.0,0.0,1.0,0.0,0.0,0.0,0.0,0.0,0.0,0.0,Administração Regional de Saúde do Alentejo,Administração Regional de Saúde do Alentejo,
Administração Regional De Saúde Do Alentejo,2017.0,6.0,7329083.67,707973.67,48916.79000000004,,,,,,,,0.0,0.0,0.0,0.0,0.0,0.0,0.0,0.0,1.0,0.0,0.0,0.0,0.0,0.0,0.0,Administração Regional de Saúde do Alentejo,Administração Regional de Saúde do Alentejo,
Administração Regional De Saúde Do Alentejo,2017.0,7.0,7626903.4,514263.87,-281.35999999998603,,,,,,,,0.0,0.0,0.0,0.0,0.0,0.0,0.0,0.0,0.0,1.0,0.0,0.0,0.0,0.0,0.0,Administração Regional de Saúde do Alentejo,Administração Regional de Saúde do Alentejo,
Administração Regional De Saúde Do Alentejo,2017.0,8.0,7920663.0,775264.54,-1214.6799999999348,,,,,,,,0.0,0.0,0.0,0.0,0.0,0.0,0.0,0.0,0.0,0.0,1.0,0.0,0.0,0.0,0.0,Administração Regional de Saúde do Alentejo,Administração Regional de Saúde do Alentejo,
Administração Regional De Saúde Do Alentejo,2017.0,9.0,6881043.67,691132.97,35615.73999999999,,,,,,,,0.0,0.0,0.0,0.0,0.0,0.0,0.0,0.0,0.0,0.0,0.0,1.0,0.0,0.0,0.0,Administração Regional de Saúde do Alentejo,Administração Regional de Saúde do Alentejo,
Administração Regional De Saúde Do Alentejo,2017.0,10.0,7079224.58,529311.9400000001,14703.880000000063,,,,,,,,0.0,0.0,0.0,0.0,0.0,0.0,0.0,0.0,0.0,0.0,0.0,0.0,1.0,0.0,0.0,Administração Regional de Saúde do Alentejo,Administração Regional de Saúde do Alentejo,
Administração Regional De Saúde Do Alentejo,2017.0,11.0,8412754.19,849151.1,9305.089999999967,,,,,,,,0.0,0.0,0.0,0.0,0.0,0.0,0.0,0.0,0.0,0.0,0.0,0.0,0.0,1.0,0.0,Administração Regional de Saúde do Alentejo,Administração Regional de Saúde do Alentejo,
Administração Regional De Saúde Do Alentejo,2017.0,12.0,9228283.74,941305.69,226368.28999999992,,,,,,,,0.0,0.0,0.0,0.0,0.0,0.0,0.0,0.0,0.0,0.0,0.0,0.0,0.0,0.0,1.0,Administração Regional de Saúde do Alentejo,Administração Regional de Saúde do Alentejo,
Administração Regional De Saúde Do Alentejo,2018.0,1.0,8380455.31,644460.2899999999,62407.56999999995,,,,,,,,0.0,0.0,0.0,1.0,0.0,0.0,0.0,0.0,0.0,0.0,0.0,0.0,0.0,0.0,0.0,Administração Regional de Saúde do Alentejo,Administração Regional de Saúde do Alentejo,
Administração Regional De Saúde Do Alentejo,2018.0,2.0,9087189.790000001,450720.99,40209.03999999998,,,,,,,,0.0,0.0,0.0,0.0,1.0,0.0,0.0,0.0,0.0,0.0,0.0,0.0,0.0,0.0,0.0,Administração Regional de Saúde do Alentejo,Administração Regional de Saúde do Alentejo,
Administração Regional De Saúde Do Alentejo,2018.0,3.0,2838071.83,270572.37,40058.169999999984,,,,,,,,0.0,0.0,0.0,0.0,0.0,1.0,0.0,0.0,0.0,0.0,0.0,0.0,0.0,0.0,0.0,Administração Regional de Saúde do Alentejo,Administração Regional de Saúde do Alentejo,
Administração Regional De Saúde Do Alentejo,2018.0,4.0,8115161.36,267786.94,75313.0,,,,,,,,0.0,0.0,0.0,0.0,0.0,0.0,1.0,0.0,0.0,0.0,0.0,0.0,0.0,0.0,0.0,Administração Regional de Saúde do Alentejo,Administração Regional de Saúde do Alentejo,
Administração Regional De Saúde Do Alentejo,2018.0,5.0,4051030.48,365208.14999999997,41776.87999999995,,,,,,,,0.0,0.0,0.0,0.0,0.0,0.0,0.0,1.0,0.0,0.0,0.0,0.0,0.0,0.0,0.0,Administração Regional de Saúde do Alentejo,Administração Regional de Saúde do Alentejo,
Administração Regional De Saúde Do Alentejo,2018.0,6.0,7227205.9799999995,529775.2200000001,1091.8200000000652,,,,,,,,0.0,0.0,0.0,0.0,0.0,0.0,0.0,0.0,1.0,0.0,0.0,0.0,0.0,0.0,0.0,Administração Regional de Saúde do Alentejo,Administração Regional de Saúde do Alentejo,
Administração Regional De Saúde Do Alentejo,2018.0,7.0,8775174.18,436611.79,10099.880000000005,,,,,,,,0.0,0.0,0.0,0.0,0.0,0.0,0.0,0.0,0.0,1.0,0.0,0.0,0.0,0.0,0.0,Administração Regional de Saúde do Alentejo,Administração Regional de Saúde do Alentejo,
Administração Regional De Saúde Do Alentejo,2018.0,8.0,7664250.819999999,568085.0499999999,59042.31999999995,,,,,,,,0.0,0.0,0.0,0.0,0.0,0.0,0.0,0.0,0.0,0.0,1.0,0.0,0.0,0.0,0.0,Administração Regional de Saúde do Alentejo,Administração Regional de Saúde do Alentejo,
Administração Regional De Saúde Do Alentejo,2018.0,9.0,7199062.649999999,566202.55,15242.5,,,,,,,,0.0,0.0,0.0,0.0,0.0,0.0,0.0,0.0,0.0,0.0,0.0,1.0,0.0,0.0,0.0,Administração Regional de Saúde do Alentejo,Administração Regional de Saúde do Alentejo,
Administração Regional De Saúde Do Alentejo,2018.0,10.0,7241173.41,691331.74,18450.030000000028,,,,,,,,0.0,0.0,0.0,0.0,0.0,0.0,0.0,0.0,0.0,0.0,0.0,0.0,1.0,0.0,0.0,Administração Regional de Saúde do Alentejo,Administração Regional de Saúde do Alentejo,
Administração Regional De Saúde Do Alentejo,2018.0,11.0,7820047.3100000005,131282.91,5817.9800000000105,,,,,,,,0.0,0.0,0.0,0.0,0.0,0.0,0.0,0.0,0.0,0.0,0.0,0.0,0.0,1.0,0.0,Administração Regional de Saúde do Alentejo,Administração Regional de Saúde do Alentejo,
Administração Regional De Saúde Do Alentejo,2018.0,12.0,7594026.29,61609.6,9452.900000000001,,,,,,,,0.0,0.0,0.0,0.0,0.0,0.0,0.0,0.0,0.0,0.0,0.0,0.0,0.0,0.0,1.0,Administração Regional de Saúde do Alentejo,Administração Regional de Saúde do Alentejo,
Administração Regional De Saúde Do Alentejo,2019.0,1.0,7244595.73,123202.03,14420.459999999992,,,,,,,,0.0,0.0,0.0,1.0,0.0,0.0,0.0,0.0,0.0,0.0,0.0,0.0,0.0,0.0,0.0,Administração Regional de Saúde do Alentejo,Administração Regional de Saúde do Alentejo,
Administração Regional De Saúde Do Alentejo,2019.0,2.0,8041811.53,119646.0,6342.639999999999,,,,,,,,0.0,0.0,0.0,0.0,1.0,0.0,0.0,0.0,0.0,0.0,0.0,0.0,0.0,0.0,0.0,Administração Regional de Saúde do Alentejo,Administração Regional de Saúde do Alentejo,
Administração Regional De Saúde Do Alentejo,2019.0,3.0,8632139.99,227387.86,6526.299999999988,,,,,,,,0.0,0.0,0.0,0.0,0.0,1.0,0.0,0.0,0.0,0.0,0.0,0.0,0.0,0.0,0.0,Administração Regional de Saúde do Alentejo,Administração Regional de Saúde do Alentejo,
Administração Regional De Saúde Do Alentejo,2019.0,4.0,9348005.23,465779.56,33831.09999999998,,,,,,,,0.0,0.0,0.0,0.0,0.0,0.0,1.0,0.0,0.0,0.0,0.0,0.0,0.0,0.0,0.0,Administração Regional de Saúde do Alentejo,Administração Regional de Saúde do Alentejo,
