geocod;geodsg;valor;periodo;indicador_cod;indicador_dsg
11B;Alto Tâmega;1.02;2013;0008274;"Índice sintético de fecundidade (N.º) por Local de residência (NUTS - 2013); Anual - INE, Indicadores demográficos"
11D;Douro;1.21;2013;0008274;"Índice sintético de fecundidade (N.º) por Local de residência (NUTS - 2013); Anual - INE, Indicadores demográficos"
3;Região Autónoma da Madeira;1.22;2013;0008274;"Índice sintético de fecundidade (N.º) por Local de residência (NUTS - 2013); Anual - INE, Indicadores demográficos"
30;Região Autónoma da Madeira;1.22;2013;0008274;"Índice sintético de fecundidade (N.º) por Local de residência (NUTS - 2013); Anual - INE, Indicadores demográficos"
300;Região Autónoma da Madeira;1.22;2013;0008274;"Índice sintético de fecundidade (N.º) por Local de residência (NUTS - 2013); Anual - INE, Indicadores demográficos"
11C;Tâmega e Sousa;1.25;2013;0008274;"Índice sintético de fecundidade (N.º) por Local de residência (NUTS - 2013); Anual - INE, Indicadores demográficos"
11;Norte;1.26;2013;0008274;"Índice sintético de fecundidade (N.º) por Local de residência (NUTS - 2013); Anual - INE, Indicadores demográficos"
11A;Área Metropolitana do Porto;1.26;2013;0008274;"Índice sintético de fecundidade (N.º) por Local de residência (NUTS - 2013); Anual - INE, Indicadores demográficos"
11E;Terras de Trás-os-Montes;1.27;2013;0008274;"Índice sintético de fecundidade (N.º) por Local de residência (NUTS - 2013); Anual - INE, Indicadores demográficos"
16G;Viseu Dão Lafões;1.28;2013;0008274;"Índice sintético de fecundidade (N.º) por Local de residência (NUTS - 2013); Anual - INE, Indicadores demográficos"
112;Cávado;1.3;2013;0008274;"Índice sintético de fecundidade (N.º) por Local de residência (NUTS - 2013); Anual - INE, Indicadores demográficos"
119;Ave;1.3;2013;0008274;"Índice sintético de fecundidade (N.º) por Local de residência (NUTS - 2013); Anual - INE, Indicadores demográficos"
111;Alto Minho;1.31;2013;0008274;"Índice sintético de fecundidade (N.º) por Local de residência (NUTS - 2013); Anual - INE, Indicadores demográficos"
16E;Região de Coimbra;1.33;2013;0008274;"Índice sintético de fecundidade (N.º) por Local de residência (NUTS - 2013); Anual - INE, Indicadores demográficos"
2;Região Autónoma dos Açores;1.33;2013;0008274;"Índice sintético de fecundidade (N.º) por Local de residência (NUTS - 2013); Anual - INE, Indicadores demográficos"
20;Região Autónoma dos Açores;1.33;2013;0008274;"Índice sintético de fecundidade (N.º) por Local de residência (NUTS - 2013); Anual - INE, Indicadores demográficos"
200;Região Autónoma dos Açores;1.33;2013;0008274;"Índice sintético de fecundidade (N.º) por Local de residência (NUTS - 2013); Anual - INE, Indicadores demográficos"
16D;Região de Aveiro;1.35;2013;0008274;"Índice sintético de fecundidade (N.º) por Local de residência (NUTS - 2013); Anual - INE, Indicadores demográficos"
16I;Médio Tejo;1.35;2013;0008274;"Índice sintético de fecundidade (N.º) por Local de residência (NUTS - 2013); Anual - INE, Indicadores demográficos"
186;Alto Alentejo;1.36;2013;0008274;"Índice sintético de fecundidade (N.º) por Local de residência (NUTS - 2013); Anual - INE, Indicadores demográficos"
16J;Beiras e Serra da Estrela;1.37;2013;0008274;"Índice sintético de fecundidade (N.º) por Local de residência (NUTS - 2013); Anual - INE, Indicadores demográficos"
16;Centro;1.38;2013;0008274;"Índice sintético de fecundidade (N.º) por Local de residência (NUTS - 2013); Anual - INE, Indicadores demográficos"
16H;Beira Baixa;1.42;2013;0008274;"Índice sintético de fecundidade (N.º) por Local de residência (NUTS - 2013); Anual - INE, Indicadores demográficos"
16B;Oeste;1.44;2013;0008274;"Índice sintético de fecundidade (N.º) por Local de residência (NUTS - 2013); Anual - INE, Indicadores demográficos"
PT;Portugal;1.44;2013;0008274;"Índice sintético de fecundidade (N.º) por Local de residência (NUTS - 2013); Anual - INE, Indicadores demográficos"
1;Continente;1.45;2013;0008274;"Índice sintético de fecundidade (N.º) por Local de residência (NUTS - 2013); Anual - INE, Indicadores demográficos"
16F;Região de Leiria;1.49;2013;0008274;"Índice sintético de fecundidade (N.º) por Local de residência (NUTS - 2013); Anual - INE, Indicadores demográficos"
187;Alentejo Central;1.53;2013;0008274;"Índice sintético de fecundidade (N.º) por Local de residência (NUTS - 2013); Anual - INE, Indicadores demográficos"
185;Lezíria do Tejo;1.55;2013;0008274;"Índice sintético de fecundidade (N.º) por Local de residência (NUTS - 2013); Anual - INE, Indicadores demográficos"
18;Alentejo;1.56;2013;0008274;"Índice sintético de fecundidade (N.º) por Local de residência (NUTS - 2013); Anual - INE, Indicadores demográficos"
17;Área Metropolitana de Lisboa;1.67;2013;0008274;"Índice sintético de fecundidade (N.º) por Local de residência (NUTS - 2013); Anual - INE, Indicadores demográficos"
170;Área Metropolitana de Lisboa;1.67;2013;0008274;"Índice sintético de fecundidade (N.º) por Local de residência (NUTS - 2013); Anual - INE, Indicadores demográficos"
181;Alentejo Litoral;1.68;2013;0008274;"Índice sintético de fecundidade (N.º) por Local de residência (NUTS - 2013); Anual - INE, Indicadores demográficos"
15;Algarve;1.71;2013;0008274;"Índice sintético de fecundidade (N.º) por Local de residência (NUTS - 2013); Anual - INE, Indicadores demográficos"
150;Algarve;1.71;2013;0008274;"Índice sintético de fecundidade (N.º) por Local de residência (NUTS - 2013); Anual - INE, Indicadores demográficos"
184;Baixo Alentejo;1.73;2013;0008274;"Índice sintético de fecundidade (N.º) por Local de residência (NUTS - 2013); Anual - INE, Indicadores demográficos"
11B;Alto Tâmega;1.02;2014;0008274;"Índice sintético de fecundidade (N.º) por Local de residência (NUTS - 2013); Anual - INE, Indicadores demográficos"
11D;Douro;1.21;2014;0008274;"Índice sintético de fecundidade (N.º) por Local de residência (NUTS - 2013); Anual - INE, Indicadores demográficos"
3;Região Autónoma da Madeira;1.22;2014;0008274;"Índice sintético de fecundidade (N.º) por Local de residência (NUTS - 2013); Anual - INE, Indicadores demográficos"
30;Região Autónoma da Madeira;1.22;2014;0008274;"Índice sintético de fecundidade (N.º) por Local de residência (NUTS - 2013); Anual - INE, Indicadores demográficos"
300;Região Autónoma da Madeira;1.22;2014;0008274;"Índice sintético de fecundidade (N.º) por Local de residência (NUTS - 2013); Anual - INE, Indicadores demográficos"
11C;Tâmega e Sousa;1.25;2014;0008274;"Índice sintético de fecundidade (N.º) por Local de residência (NUTS - 2013); Anual - INE, Indicadores demográficos"
11;Norte;1.26;2014;0008274;"Índice sintético de fecundidade (N.º) por Local de residência (NUTS - 2013); Anual - INE, Indicadores demográficos"
11A;Área Metropolitana do Porto;1.26;2014;0008274;"Índice sintético de fecundidade (N.º) por Local de residência (NUTS - 2013); Anual - INE, Indicadores demográficos"
11E;Terras de Trás-os-Montes;1.27;2014;0008274;"Índice sintético de fecundidade (N.º) por Local de residência (NUTS - 2013); Anual - INE, Indicadores demográficos"
16G;Viseu Dão Lafões;1.28;2014;0008274;"Índice sintético de fecundidade (N.º) por Local de residência (NUTS - 2013); Anual - INE, Indicadores demográficos"
112;Cávado;1.3;2014;0008274;"Índice sintético de fecundidade (N.º) por Local de residência (NUTS - 2013); Anual - INE, Indicadores demográficos"
119;Ave;1.3;2014;0008274;"Índice sintético de fecundidade (N.º) por Local de residência (NUTS - 2013); Anual - INE, Indicadores demográficos"
111;Alto Minho;1.31;2014;0008274;"Índice sintético de fecundidade (N.º) por Local de residência (NUTS - 2013); Anual - INE, Indicadores demográficos"
16E;Região de Coimbra;1.33;2014;0008274;"Índice sintético de fecundidade (N.º) por Local de residência (NUTS - 2013); Anual - INE, Indicadores demográficos"
2;Região Autónoma dos Açores;1.33;2014;0008274;"Índice sintético de fecundidade (N.º) por Local de residência (NUTS - 2013); Anual - INE, Indicadores demográficos"
20;Região Autónoma dos Açores;1.33;2014;0008274;"Índice sintético de fecundidade (N.º) por Local de residência (NUTS - 2013); Anual - INE, Indicadores demográficos"
200;Região Autónoma dos Açores;1.33;2014;0008274;"Índice sintético de fecundidade (N.º) por Local de residência (NUTS - 2013); Anual - INE, Indicadores demográficos"
16D;Região de Aveiro;1.35;2014;0008274;"Índice sintético de fecundidade (N.º) por Local de residência (NUTS - 2013); Anual - INE, Indicadores demográficos"
16I;Médio Tejo;1.35;2014;0008274;"Índice sintético de fecundidade (N.º) por Local de residência (NUTS - 2013); Anual - INE, Indicadores demográficos"
186;Alto Alentejo;1.36;2014;0008274;"Índice sintético de fecundidade (N.º) por Local de residência (NUTS - 2013); Anual - INE, Indicadores demográficos"
16J;Beiras e Serra da Estrela;1.37;2014;0008274;"Índice sintético de fecundidade (N.º) por Local de residência (NUTS - 2013); Anual - INE, Indicadores demográficos"
16;Centro;1.38;2014;0008274;"Índice sintético de fecundidade (N.º) por Local de residência (NUTS - 2013); Anual - INE, Indicadores demográficos"
16H;Beira Baixa;1.42;2014;0008274;"Índice sintético de fecundidade (N.º) por Local de residência (NUTS - 2013); Anual - INE, Indicadores demográficos"
16B;Oeste;1.44;2014;0008274;"Índice sintético de fecundidade (N.º) por Local de residência (NUTS - 2013); Anual - INE, Indicadores demográficos"
PT;Portugal;1.44;2014;0008274;"Índice sintético de fecundidade (N.º) por Local de residência (NUTS - 2013); Anual - INE, Indicadores demográficos"
1;Continente;1.45;2014;0008274;"Índice sintético de fecundidade (N.º) por Local de residência (NUTS - 2013); Anual - INE, Indicadores demográficos"
16F;Região de Leiria;1.49;2014;0008274;"Índice sintético de fecundidade (N.º) por Local de residência (NUTS - 2013); Anual - INE, Indicadores demográficos"
187;Alentejo Central;1.53;2014;0008274;"Índice sintético de fecundidade (N.º) por Local de residência (NUTS - 2013); Anual - INE, Indicadores demográficos"
185;Lezíria do Tejo;1.55;2014;0008274;"Índice sintético de fecundidade (N.º) por Local de residência (NUTS - 2013); Anual - INE, Indicadores demográficos"
18;Alentejo;1.56;2014;0008274;"Índice sintético de fecundidade (N.º) por Local de residência (NUTS - 2013); Anual - INE, Indicadores demográficos"
17;Área Metropolitana de Lisboa;1.67;2014;0008274;"Índice sintético de fecundidade (N.º) por Local de residência (NUTS - 2013); Anual - INE, Indicadores demográficos"
170;Área Metropolitana de Lisboa;1.67;2014;0008274;"Índice sintético de fecundidade (N.º) por Local de residência (NUTS - 2013); Anual - INE, Indicadores demográficos"
181;Alentejo Litoral;1.68;2014;0008274;"Índice sintético de fecundidade (N.º) por Local de residência (NUTS - 2013); Anual - INE, Indicadores demográficos"
15;Algarve;1.71;2014;0008274;"Índice sintético de fecundidade (N.º) por Local de residência (NUTS - 2013); Anual - INE, Indicadores demográficos"
150;Algarve;1.71;2014;0008274;"Índice sintético de fecundidade (N.º) por Local de residência (NUTS - 2013); Anual - INE, Indicadores demográficos"
184;Baixo Alentejo;1.73;2014;0008274;"Índice sintético de fecundidade (N.º) por Local de residência (NUTS - 2013); Anual - INE, Indicadores demográficos"
11B;Alto Tâmega;1.02;2012;0008274;"Índice sintético de fecundidade (N.º) por Local de residência (NUTS - 2013); Anual - INE, Indicadores demográficos"
11D;Douro;1.21;2012;0008274;"Índice sintético de fecundidade (N.º) por Local de residência (NUTS - 2013); Anual - INE, Indicadores demográficos"
3;Região Autónoma da Madeira;1.22;2012;0008274;"Índice sintético de fecundidade (N.º) por Local de residência (NUTS - 2013); Anual - INE, Indicadores demográficos"
30;Região Autónoma da Madeira;1.22;2012;0008274;"Índice sintético de fecundidade (N.º) por Local de residência (NUTS - 2013); Anual - INE, Indicadores demográficos"
300;Região Autónoma da Madeira;1.22;2012;0008274;"Índice sintético de fecundidade (N.º) por Local de residência (NUTS - 2013); Anual - INE, Indicadores demográficos"
11C;Tâmega e Sousa;1.25;2012;0008274;"Índice sintético de fecundidade (N.º) por Local de residência (NUTS - 2013); Anual - INE, Indicadores demográficos"
11;Norte;1.26;2012;0008274;"Índice sintético de fecundidade (N.º) por Local de residência (NUTS - 2013); Anual - INE, Indicadores demográficos"
11A;Área Metropolitana do Porto;1.26;2012;0008274;"Índice sintético de fecundidade (N.º) por Local de residência (NUTS - 2013); Anual - INE, Indicadores demográficos"
11E;Terras de Trás-os-Montes;1.27;2012;0008274;"Índice sintético de fecundidade (N.º) por Local de residência (NUTS - 2013); Anual - INE, Indicadores demográficos"
16G;Viseu Dão Lafões;1.28;2012;0008274;"Índice sintético de fecundidade (N.º) por Local de residência (NUTS - 2013); Anual - INE, Indicadores demográficos"
112;Cávado;1.3;2012;0008274;"Índice sintético de fecundidade (N.º) por Local de residência (NUTS - 2013); Anual - INE, Indicadores demográficos"
119;Ave;1.3;2012;0008274;"Índice sintético de fecundidade (N.º) por Local de residência (NUTS - 2013); Anual - INE, Indicadores demográficos"
111;Alto Minho;1.31;2012;0008274;"Índice sintético de fecundidade (N.º) por Local de residência (NUTS - 2013); Anual - INE, Indicadores demográficos"
16E;Região de Coimbra;1.33;2012;0008274;"Índice sintético de fecundidade (N.º) por Local de residência (NUTS - 2013); Anual - INE, Indicadores demográficos"
2;Região Autónoma dos Açores;1.33;2012;0008274;"Índice sintético de fecundidade (N.º) por Local de residência (NUTS - 2013); Anual - INE, Indicadores demográficos"
20;Região Autónoma dos Açores;1.33;2012;0008274;"Índice sintético de fecundidade (N.º) por Local de residência (NUTS - 2013); Anual - INE, Indicadores demográficos"
200;Região Autónoma dos Açores;1.33;2012;0008274;"Índice sintético de fecundidade (N.º) por Local de residência (NUTS - 2013); Anual - INE, Indicadores demográficos"
16D;Região de Aveiro;1.35;2012;0008274;"Índice sintético de fecundidade (N.º) por Local de residência (NUTS - 2013); Anual - INE, Indicadores demográficos"
16I;Médio Tejo;1.35;2012;0008274;"Índice sintético de fecundidade (N.º) por Local de residência (NUTS - 2013); Anual - INE, Indicadores demográficos"
186;Alto Alentejo;1.36;2012;0008274;"Índice sintético de fecundidade (N.º) por Local de residência (NUTS - 2013); Anual - INE, Indicadores demográficos"
16J;Beiras e Serra da Estrela;1.37;2012;0008274;"Índice sintético de fecundidade (N.º) por Local de residência (NUTS - 2013); Anual - INE, Indicadores demográficos"
16;Centro;1.38;2012;0008274;"Índice sintético de fecundidade (N.º) por Local de residência (NUTS - 2013); Anual - INE, Indicadores demográficos"
16H;Beira Baixa;1.42;2012;0008274;"Índice sintético de fecundidade (N.º) por Local de residência (NUTS - 2013); Anual - INE, Indicadores demográficos"
16B;Oeste;1.44;2012;0008274;"Índice sintético de fecundidade (N.º) por Local de residência (NUTS - 2013); Anual - INE, Indicadores demográficos"
PT;Portugal;1.44;2012;0008274;"Índice sintético de fecundidade (N.º) por Local de residência (NUTS - 2013); Anual - INE, Indicadores demográficos"
1;Continente;1.45;2012;0008274;"Índice sintético de fecundidade (N.º) por Local de residência (NUTS - 2013); Anual - INE, Indicadores demográficos"
16F;Região de Leiria;1.49;2012;0008274;"Índice sintético de fecundidade (N.º) por Local de residência (NUTS - 2013); Anual - INE, Indicadores demográficos"
187;Alentejo Central;1.53;2012;0008274;"Índice sintético de fecundidade (N.º) por Local de residência (NUTS - 2013); Anual - INE, Indicadores demográficos"
185;Lezíria do Tejo;1.55;2012;0008274;"Índice sintético de fecundidade (N.º) por Local de residência (NUTS - 2013); Anual - INE, Indicadores demográficos"
18;Alentejo;1.56;2012;0008274;"Índice sintético de fecundidade (N.º) por Local de residência (NUTS - 2013); Anual - INE, Indicadores demográficos"
17;Área Metropolitana de Lisboa;1.67;2012;0008274;"Índice sintético de fecundidade (N.º) por Local de residência (NUTS - 2013); Anual - INE, Indicadores demográficos"
170;Área Metropolitana de Lisboa;1.67;2012;0008274;"Índice sintético de fecundidade (N.º) por Local de residência (NUTS - 2013); Anual - INE, Indicadores demográficos"
181;Alentejo Litoral;1.68;2012;0008274;"Índice sintético de fecundidade (N.º) por Local de residência (NUTS - 2013); Anual - INE, Indicadores demográficos"
15;Algarve;1.71;2012;0008274;"Índice sintético de fecundidade (N.º) por Local de residência (NUTS - 2013); Anual - INE, Indicadores demográficos"
150;Algarve;1.71;2012;0008274;"Índice sintético de fecundidade (N.º) por Local de residência (NUTS - 2013); Anual - INE, Indicadores demográficos"
184;Baixo Alentejo;1.73;2012;0008274;"Índice sintético de fecundidade (N.º) por Local de residência (NUTS - 2013); Anual - INE, Indicadores demográficos"
11B;Alto Tâmega;1.02;2015;0008274;"Índice sintético de fecundidade (N.º) por Local de residência (NUTS - 2013); Anual - INE, Indicadores demográficos"
11D;Douro;1.21;2015;0008274;"Índice sintético de fecundidade (N.º) por Local de residência (NUTS - 2013); Anual - INE, Indicadores demográficos"
3;Região Autónoma da Madeira;1.22;2015;0008274;"Índice sintético de fecundidade (N.º) por Local de residência (NUTS - 2013); Anual - INE, Indicadores demográficos"
30;Região Autónoma da Madeira;1.22;2015;0008274;"Índice sintético de fecundidade (N.º) por Local de residência (NUTS - 2013); Anual - INE, Indicadores demográficos"
300;Região Autónoma da Madeira;1.22;2015;0008274;"Índice sintético de fecundidade (N.º) por Local de residência (NUTS - 2013); Anual - INE, Indicadores demográficos"
11C;Tâmega e Sousa;1.25;2015;0008274;"Índice sintético de fecundidade (N.º) por Local de residência (NUTS - 2013); Anual - INE, Indicadores demográficos"
11;Norte;1.26;2015;0008274;"Índice sintético de fecundidade (N.º) por Local de residência (NUTS - 2013); Anual - INE, Indicadores demográficos"
11A;Área Metropolitana do Porto;1.26;2015;0008274;"Índice sintético de fecundidade (N.º) por Local de residência (NUTS - 2013); Anual - INE, Indicadores demográficos"
11E;Terras de Trás-os-Montes;1.27;2015;0008274;"Índice sintético de fecundidade (N.º) por Local de residência (NUTS - 2013); Anual - INE, Indicadores demográficos"
16G;Viseu Dão Lafões;1.28;2015;0008274;"Índice sintético de fecundidade (N.º) por Local de residência (NUTS - 2013); Anual - INE, Indicadores demográficos"
112;Cávado;1.3;2015;0008274;"Índice sintético de fecundidade (N.º) por Local de residência (NUTS - 2013); Anual - INE, Indicadores demográficos"
119;Ave;1.3;2015;0008274;"Índice sintético de fecundidade (N.º) por Local de residência (NUTS - 2013); Anual - INE, Indicadores demográficos"
111;Alto Minho;1.31;2015;0008274;"Índice sintético de fecundidade (N.º) por Local de residência (NUTS - 2013); Anual - INE, Indicadores demográficos"
16E;Região de Coimbra;1.33;2015;0008274;"Índice sintético de fecundidade (N.º) por Local de residência (NUTS - 2013); Anual - INE, Indicadores demográficos"
2;Região Autónoma dos Açores;1.33;2015;0008274;"Índice sintético de fecundidade (N.º) por Local de residência (NUTS - 2013); Anual - INE, Indicadores demográficos"
20;Região Autónoma dos Açores;1.33;2015;0008274;"Índice sintético de fecundidade (N.º) por Local de residência (NUTS - 2013); Anual - INE, Indicadores demográficos"
200;Região Autónoma dos Açores;1.33;2015;0008274;"Índice sintético de fecundidade (N.º) por Local de residência (NUTS - 2013); Anual - INE, Indicadores demográficos"
16D;Região de Aveiro;1.35;2015;0008274;"Índice sintético de fecundidade (N.º) por Local de residência (NUTS - 2013); Anual - INE, Indicadores demográficos"
16I;Médio Tejo;1.35;2015;0008274;"Índice sintético de fecundidade (N.º) por Local de residência (NUTS - 2013); Anual - INE, Indicadores demográficos"
186;Alto Alentejo;1.36;2015;0008274;"Índice sintético de fecundidade (N.º) por Local de residência (NUTS - 2013); Anual - INE, Indicadores demográficos"
16J;Beiras e Serra da Estrela;1.37;2015;0008274;"Índice sintético de fecundidade (N.º) por Local de residência (NUTS - 2013); Anual - INE, Indicadores demográficos"
16;Centro;1.38;2015;0008274;"Índice sintético de fecundidade (N.º) por Local de residência (NUTS - 2013); Anual - INE, Indicadores demográficos"
16H;Beira Baixa;1.42;2015;0008274;"Índice sintético de fecundidade (N.º) por Local de residência (NUTS - 2013); Anual - INE, Indicadores demográficos"
16B;Oeste;1.44;2015;0008274;"Índice sintético de fecundidade (N.º) por Local de residência (NUTS - 2013); Anual - INE, Indicadores demográficos"
PT;Portugal;1.44;2015;0008274;"Índice sintético de fecundidade (N.º) por Local de residência (NUTS - 2013); Anual - INE, Indicadores demográficos"
1;Continente;1.45;2015;0008274;"Índice sintético de fecundidade (N.º) por Local de residência (NUTS - 2013); Anual - INE, Indicadores demográficos"
16F;Região de Leiria;1.49;2015;0008274;"Índice sintético de fecundidade (N.º) por Local de residência (NUTS - 2013); Anual - INE, Indicadores demográficos"
187;Alentejo Central;1.53;2015;0008274;"Índice sintético de fecundidade (N.º) por Local de residência (NUTS - 2013); Anual - INE, Indicadores demográficos"
185;Lezíria do Tejo;1.55;2015;0008274;"Índice sintético de fecundidade (N.º) por Local de residência (NUTS - 2013); Anual - INE, Indicadores demográficos"
18;Alentejo;1.56;2015;0008274;"Índice sintético de fecundidade (N.º) por Local de residência (NUTS - 2013); Anual - INE, Indicadores demográficos"
17;Área Metropolitana de Lisboa;1.67;2015;0008274;"Índice sintético de fecundidade (N.º) por Local de residência (NUTS - 2013); Anual - INE, Indicadores demográficos"
170;Área Metropolitana de Lisboa;1.67;2015;0008274;"Índice sintético de fecundidade (N.º) por Local de residência (NUTS - 2013); Anual - INE, Indicadores demográficos"
181;Alentejo Litoral;1.68;2015;0008274;"Índice sintético de fecundidade (N.º) por Local de residência (NUTS - 2013); Anual - INE, Indicadores demográficos"
15;Algarve;1.71;2015;0008274;"Índice sintético de fecundidade (N.º) por Local de residência (NUTS - 2013); Anual - INE, Indicadores demográficos"
150;Algarve;1.71;2015;0008274;"Índice sintético de fecundidade (N.º) por Local de residência (NUTS - 2013); Anual - INE, Indicadores demográficos"
184;Baixo Alentejo;1.73;2015;0008274;"Índice sintético de fecundidade (N.º) por Local de residência (NUTS - 2013); Anual - INE, Indicadores demográficos"
11B;Alto Tâmega;1.02;2011;0008274;"Índice sintético de fecundidade (N.º) por Local de residência (NUTS - 2013); Anual - INE, Indicadores demográficos"
11D;Douro;1.21;2011;0008274;"Índice sintético de fecundidade (N.º) por Local de residência (NUTS - 2013); Anual - INE, Indicadores demográficos"
3;Região Autónoma da Madeira;1.22;2011;0008274;"Índice sintético de fecundidade (N.º) por Local de residência (NUTS - 2013); Anual - INE, Indicadores demográficos"
30;Região Autónoma da Madeira;1.22;2011;0008274;"Índice sintético de fecundidade (N.º) por Local de residência (NUTS - 2013); Anual - INE, Indicadores demográficos"
300;Região Autónoma da Madeira;1.22;2011;0008274;"Índice sintético de fecundidade (N.º) por Local de residência (NUTS - 2013); Anual - INE, Indicadores demográficos"
11C;Tâmega e Sousa;1.25;2011;0008274;"Índice sintético de fecundidade (N.º) por Local de residência (NUTS - 2013); Anual - INE, Indicadores demográficos"
11;Norte;1.26;2011;0008274;"Índice sintético de fecundidade (N.º) por Local de residência (NUTS - 2013); Anual - INE, Indicadores demográficos"
11A;Área Metropolitana do Porto;1.26;2011;0008274;"Índice sintético de fecundidade (N.º) por Local de residência (NUTS - 2013); Anual - INE, Indicadores demográficos"
11E;Terras de Trás-os-Montes;1.27;2011;0008274;"Índice sintético de fecundidade (N.º) por Local de residência (NUTS - 2013); Anual - INE, Indicadores demográficos"
16G;Viseu Dão Lafões;1.28;2011;0008274;"Índice sintético de fecundidade (N.º) por Local de residência (NUTS - 2013); Anual - INE, Indicadores demográficos"
112;Cávado;1.3;2011;0008274;"Índice sintético de fecundidade (N.º) por Local de residência (NUTS - 2013); Anual - INE, Indicadores demográficos"
119;Ave;1.3;2011;0008274;"Índice sintético de fecundidade (N.º) por Local de residência (NUTS - 2013); Anual - INE, Indicadores demográficos"
111;Alto Minho;1.31;2011;0008274;"Índice sintético de fecundidade (N.º) por Local de residência (NUTS - 2013); Anual - INE, Indicadores demográficos"
16E;Região de Coimbra;1.33;2011;0008274;"Índice sintético de fecundidade (N.º) por Local de residência (NUTS - 2013); Anual - INE, Indicadores demográficos"
2;Região Autónoma dos Açores;1.33;2011;0008274;"Índice sintético de fecundidade (N.º) por Local de residência (NUTS - 2013); Anual - INE, Indicadores demográficos"
20;Região Autónoma dos Açores;1.33;2011;0008274;"Índice sintético de fecundidade (N.º) por Local de residência (NUTS - 2013); Anual - INE, Indicadores demográficos"
200;Região Autónoma dos Açores;1.33;2011;0008274;"Índice sintético de fecundidade (N.º) por Local de residência (NUTS - 2013); Anual - INE, Indicadores demográficos"
16D;Região de Aveiro;1.35;2011;0008274;"Índice sintético de fecundidade (N.º) por Local de residência (NUTS - 2013); Anual - INE, Indicadores demográficos"
16I;Médio Tejo;1.35;2011;0008274;"Índice sintético de fecundidade (N.º) por Local de residência (NUTS - 2013); Anual - INE, Indicadores demográficos"
186;Alto Alentejo;1.36;2011;0008274;"Índice sintético de fecundidade (N.º) por Local de residência (NUTS - 2013); Anual - INE, Indicadores demográficos"
16J;Beiras e Serra da Estrela;1.37;2011;0008274;"Índice sintético de fecundidade (N.º) por Local de residência (NUTS - 2013); Anual - INE, Indicadores demográficos"
16;Centro;1.38;2011;0008274;"Índice sintético de fecundidade (N.º) por Local de residência (NUTS - 2013); Anual - INE, Indicadores demográficos"
16H;Beira Baixa;1.42;2011;0008274;"Índice sintético de fecundidade (N.º) por Local de residência (NUTS - 2013); Anual - INE, Indicadores demográficos"
16B;Oeste;1.44;2011;0008274;"Índice sintético de fecundidade (N.º) por Local de residência (NUTS - 2013); Anual - INE, Indicadores demográficos"
PT;Portugal;1.44;2011;0008274;"Índice sintético de fecundidade (N.º) por Local de residência (NUTS - 2013); Anual - INE, Indicadores demográficos"
1;Continente;1.45;2011;0008274;"Índice sintético de fecundidade (N.º) por Local de residência (NUTS - 2013); Anual - INE, Indicadores demográficos"
16F;Região de Leiria;1.49;2011;0008274;"Índice sintético de fecundidade (N.º) por Local de residência (NUTS - 2013); Anual - INE, Indicadores demográficos"
187;Alentejo Central;1.53;2011;0008274;"Índice sintético de fecundidade (N.º) por Local de residência (NUTS - 2013); Anual - INE, Indicadores demográficos"
185;Lezíria do Tejo;1.55;2011;0008274;"Índice sintético de fecundidade (N.º) por Local de residência (NUTS - 2013); Anual - INE, Indicadores demográficos"
18;Alentejo;1.56;2011;0008274;"Índice sintético de fecundidade (N.º) por Local de residência (NUTS - 2013); Anual - INE, Indicadores demográficos"
17;Área Metropolitana de Lisboa;1.67;2011;0008274;"Índice sintético de fecundidade (N.º) por Local de residência (NUTS - 2013); Anual - INE, Indicadores demográficos"
170;Área Metropolitana de Lisboa;1.67;2011;0008274;"Índice sintético de fecundidade (N.º) por Local de residência (NUTS - 2013); Anual - INE, Indicadores demográficos"
181;Alentejo Litoral;1.68;2011;0008274;"Índice sintético de fecundidade (N.º) por Local de residência (NUTS - 2013); Anual - INE, Indicadores demográficos"
15;Algarve;1.71;2011;0008274;"Índice sintético de fecundidade (N.º) por Local de residência (NUTS - 2013); Anual - INE, Indicadores demográficos"
150;Algarve;1.71;2011;0008274;"Índice sintético de fecundidade (N.º) por Local de residência (NUTS - 2013); Anual - INE, Indicadores demográficos"
184;Baixo Alentejo;1.73;2011;0008274;"Índice sintético de fecundidade (N.º) por Local de residência (NUTS - 2013); Anual - INE, Indicadores demográficos"
11B;Alto Tâmega;1.02;2021;0008274;"Índice sintético de fecundidade (N.º) por Local de residência (NUTS - 2013); Anual - INE, Indicadores demográficos"
11D;Douro;1.21;2021;0008274;"Índice sintético de fecundidade (N.º) por Local de residência (NUTS - 2013); Anual - INE, Indicadores demográficos"
3;Região Autónoma da Madeira;1.22;2021;0008274;"Índice sintético de fecundidade (N.º) por Local de residência (NUTS - 2013); Anual - INE, Indicadores demográficos"
30;Região Autónoma da Madeira;1.22;2021;0008274;"Índice sintético de fecundidade (N.º) por Local de residência (NUTS - 2013); Anual - INE, Indicadores demográficos"
300;Região Autónoma da Madeira;1.22;2021;0008274;"Índice sintético de fecundidade (N.º) por Local de residência (NUTS - 2013); Anual - INE, Indicadores demográficos"
11C;Tâmega e Sousa;1.25;2021;0008274;"Índice sintético de fecundidade (N.º) por Local de residência (NUTS - 2013); Anual - INE, Indicadores demográficos"
11;Norte;1.26;2021;0008274;"Índice sintético de fecundidade (N.º) por Local de residência (NUTS - 2013); Anual - INE, Indicadores demográficos"
11A;Área Metropolitana do Porto;1.26;2021;0008274;"Índice sintético de fecundidade (N.º) por Local de residência (NUTS - 2013); Anual - INE, Indicadores demográficos"
11E;Terras de Trás-os-Montes;1.27;2021;0008274;"Índice sintético de fecundidade (N.º) por Local de residência (NUTS - 2013); Anual - INE, Indicadores demográficos"
16G;Viseu Dão Lafões;1.28;2021;0008274;"Índice sintético de fecundidade (N.º) por Local de residência (NUTS - 2013); Anual - INE, Indicadores demográficos"
112;Cávado;1.3;2021;0008274;"Índice sintético de fecundidade (N.º) por Local de residência (NUTS - 2013); Anual - INE, Indicadores demográficos"
119;Ave;1.3;2021;0008274;"Índice sintético de fecundidade (N.º) por Local de residência (NUTS - 2013); Anual - INE, Indicadores demográficos"
111;Alto Minho;1.31;2021;0008274;"Índice sintético de fecundidade (N.º) por Local de residência (NUTS - 2013); Anual - INE, Indicadores demográficos"
16E;Região de Coimbra;1.33;2021;0008274;"Índice sintético de fecundidade (N.º) por Local de residência (NUTS - 2013); Anual - INE, Indicadores demográficos"
2;Região Autónoma dos Açores;1.33;2021;0008274;"Índice sintético de fecundidade (N.º) por Local de residência (NUTS - 2013); Anual - INE, Indicadores demográficos"
20;Região Autónoma dos Açores;1.33;2021;0008274;"Índice sintético de fecundidade (N.º) por Local de residência (NUTS - 2013); Anual - INE, Indicadores demográficos"
200;Região Autónoma dos Açores;1.33;2021;0008274;"Índice sintético de fecundidade (N.º) por Local de residência (NUTS - 2013); Anual - INE, Indicadores demográficos"
16D;Região de Aveiro;1.35;2021;0008274;"Índice sintético de fecundidade (N.º) por Local de residência (NUTS - 2013); Anual - INE, Indicadores demográficos"
16I;Médio Tejo;1.35;2021;0008274;"Índice sintético de fecundidade (N.º) por Local de residência (NUTS - 2013); Anual - INE, Indicadores demográficos"
186;Alto Alentejo;1.36;2021;0008274;"Índice sintético de fecundidade (N.º) por Local de residência (NUTS - 2013); Anual - INE, Indicadores demográficos"
16J;Beiras e Serra da Estrela;1.37;2021;0008274;"Índice sintético de fecundidade (N.º) por Local de residência (NUTS - 2013); Anual - INE, Indicadores demográficos"
16;Centro;1.38;2021;0008274;"Índice sintético de fecundidade (N.º) por Local de residência (NUTS - 2013); Anual - INE, Indicadores demográficos"
16H;Beira Baixa;1.42;2021;0008274;"Índice sintético de fecundidade (N.º) por Local de residência (NUTS - 2013); Anual - INE, Indicadores demográficos"
16B;Oeste;1.44;2021;0008274;"Índice sintético de fecundidade (N.º) por Local de residência (NUTS - 2013); Anual - INE, Indicadores demográficos"
PT;Portugal;1.44;2021;0008274;"Índice sintético de fecundidade (N.º) por Local de residência (NUTS - 2013); Anual - INE, Indicadores demográficos"
1;Continente;1.45;2021;0008274;"Índice sintético de fecundidade (N.º) por Local de residência (NUTS - 2013); Anual - INE, Indicadores demográficos"
16F;Região de Leiria;1.49;2021;0008274;"Índice sintético de fecundidade (N.º) por Local de residência (NUTS - 2013); Anual - INE, Indicadores demográficos"
187;Alentejo Central;1.53;2021;0008274;"Índice sintético de fecundidade (N.º) por Local de residência (NUTS - 2013); Anual - INE, Indicadores demográficos"
185;Lezíria do Tejo;1.55;2021;0008274;"Índice sintético de fecundidade (N.º) por Local de residência (NUTS - 2013); Anual - INE, Indicadores demográficos"
18;Alentejo;1.56;2021;0008274;"Índice sintético de fecundidade (N.º) por Local de residência (NUTS - 2013); Anual - INE, Indicadores demográficos"
17;Área Metropolitana de Lisboa;1.67;2021;0008274;"Índice sintético de fecundidade (N.º) por Local de residência (NUTS - 2013); Anual - INE, Indicadores demográficos"
170;Área Metropolitana de Lisboa;1.67;2021;0008274;"Índice sintético de fecundidade (N.º) por Local de residência (NUTS - 2013); Anual - INE, Indicadores demográficos"
181;Alentejo Litoral;1.68;2021;0008274;"Índice sintético de fecundidade (N.º) por Local de residência (NUTS - 2013); Anual - INE, Indicadores demográficos"
15;Algarve;1.71;2021;0008274;"Índice sintético de fecundidade (N.º) por Local de residência (NUTS - 2013); Anual - INE, Indicadores demográficos"
150;Algarve;1.71;2021;0008274;"Índice sintético de fecundidade (N.º) por Local de residência (NUTS - 2013); Anual - INE, Indicadores demográficos"
184;Baixo Alentejo;1.73;2021;0008274;"Índice sintético de fecundidade (N.º) por Local de residência (NUTS - 2013); Anual - INE, Indicadores demográficos"
11B;Alto Tâmega;1.02;2016;0008274;"Índice sintético de fecundidade (N.º) por Local de residência (NUTS - 2013); Anual - INE, Indicadores demográficos"
11D;Douro;1.21;2016;0008274;"Índice sintético de fecundidade (N.º) por Local de residência (NUTS - 2013); Anual - INE, Indicadores demográficos"
3;Região Autónoma da Madeira;1.22;2016;0008274;"Índice sintético de fecundidade (N.º) por Local de residência (NUTS - 2013); Anual - INE, Indicadores demográficos"
30;Região Autónoma da Madeira;1.22;2016;0008274;"Índice sintético de fecundidade (N.º) por Local de residência (NUTS - 2013); Anual - INE, Indicadores demográficos"
300;Região Autónoma da Madeira;1.22;2016;0008274;"Índice sintético de fecundidade (N.º) por Local de residência (NUTS - 2013); Anual - INE, Indicadores demográficos"
11C;Tâmega e Sousa;1.25;2016;0008274;"Índice sintético de fecundidade (N.º) por Local de residência (NUTS - 2013); Anual - INE, Indicadores demográficos"
11;Norte;1.26;2016;0008274;"Índice sintético de fecundidade (N.º) por Local de residência (NUTS - 2013); Anual - INE, Indicadores demográficos"
11A;Área Metropolitana do Porto;1.26;2016;0008274;"Índice sintético de fecundidade (N.º) por Local de residência (NUTS - 2013); Anual - INE, Indicadores demográficos"
11E;Terras de Trás-os-Montes;1.27;2016;0008274;"Índice sintético de fecundidade (N.º) por Local de residência (NUTS - 2013); Anual - INE, Indicadores demográficos"
16G;Viseu Dão Lafões;1.28;2016;0008274;"Índice sintético de fecundidade (N.º) por Local de residência (NUTS - 2013); Anual - INE, Indicadores demográficos"
112;Cávado;1.3;2016;0008274;"Índice sintético de fecundidade (N.º) por Local de residência (NUTS - 2013); Anual - INE, Indicadores demográficos"
119;Ave;1.3;2016;0008274;"Índice sintético de fecundidade (N.º) por Local de residência (NUTS - 2013); Anual - INE, Indicadores demográficos"
111;Alto Minho;1.31;2016;0008274;"Índice sintético de fecundidade (N.º) por Local de residência (NUTS - 2013); Anual - INE, Indicadores demográficos"
16E;Região de Coimbra;1.33;2016;0008274;"Índice sintético de fecundidade (N.º) por Local de residência (NUTS - 2013); Anual - INE, Indicadores demográficos"
2;Região Autónoma dos Açores;1.33;2016;0008274;"Índice sintético de fecundidade (N.º) por Local de residência (NUTS - 2013); Anual - INE, Indicadores demográficos"
20;Região Autónoma dos Açores;1.33;2016;0008274;"Índice sintético de fecundidade (N.º) por Local de residência (NUTS - 2013); Anual - INE, Indicadores demográficos"
200;Região Autónoma dos Açores;1.33;2016;0008274;"Índice sintético de fecundidade (N.º) por Local de residência (NUTS - 2013); Anual - INE, Indicadores demográficos"
16D;Região de Aveiro;1.35;2016;0008274;"Índice sintético de fecundidade (N.º) por Local de residência (NUTS - 2013); Anual - INE, Indicadores demográficos"
16I;Médio Tejo;1.35;2016;0008274;"Índice sintético de fecundidade (N.º) por Local de residência (NUTS - 2013); Anual - INE, Indicadores demográficos"
186;Alto Alentejo;1.36;2016;0008274;"Índice sintético de fecundidade (N.º) por Local de residência (NUTS - 2013); Anual - INE, Indicadores demográficos"
16J;Beiras e Serra da Estrela;1.37;2016;0008274;"Índice sintético de fecundidade (N.º) por Local de residência (NUTS - 2013); Anual - INE, Indicadores demográficos"
16;Centro;1.38;2016;0008274;"Índice sintético de fecundidade (N.º) por Local de residência (NUTS - 2013); Anual - INE, Indicadores demográficos"
16H;Beira Baixa;1.42;2016;0008274;"Índice sintético de fecundidade (N.º) por Local de residência (NUTS - 2013); Anual - INE, Indicadores demográficos"
16B;Oeste;1.44;2016;0008274;"Índice sintético de fecundidade (N.º) por Local de residência (NUTS - 2013); Anual - INE, Indicadores demográficos"
PT;Portugal;1.44;2016;0008274;"Índice sintético de fecundidade (N.º) por Local de residência (NUTS - 2013); Anual - INE, Indicadores demográficos"
1;Continente;1.45;2016;0008274;"Índice sintético de fecundidade (N.º) por Local de residência (NUTS - 2013); Anual - INE, Indicadores demográficos"
16F;Região de Leiria;1.49;2016;0008274;"Índice sintético de fecundidade (N.º) por Local de residência (NUTS - 2013); Anual - INE, Indicadores demográficos"
187;Alentejo Central;1.53;2016;0008274;"Índice sintético de fecundidade (N.º) por Local de residência (NUTS - 2013); Anual - INE, Indicadores demográficos"
185;Lezíria do Tejo;1.55;2016;0008274;"Índice sintético de fecundidade (N.º) por Local de residência (NUTS - 2013); Anual - INE, Indicadores demográficos"
18;Alentejo;1.56;2016;0008274;"Índice sintético de fecundidade (N.º) por Local de residência (NUTS - 2013); Anual - INE, Indicadores demográficos"
17;Área Metropolitana de Lisboa;1.67;2016;0008274;"Índice sintético de fecundidade (N.º) por Local de residência (NUTS - 2013); Anual - INE, Indicadores demográficos"
170;Área Metropolitana de Lisboa;1.67;2016;0008274;"Índice sintético de fecundidade (N.º) por Local de residência (NUTS - 2013); Anual - INE, Indicadores demográficos"
181;Alentejo Litoral;1.68;2016;0008274;"Índice sintético de fecundidade (N.º) por Local de residência (NUTS - 2013); Anual - INE, Indicadores demográficos"
15;Algarve;1.71;2016;0008274;"Índice sintético de fecundidade (N.º) por Local de residência (NUTS - 2013); Anual - INE, Indicadores demográficos"
150;Algarve;1.71;2016;0008274;"Índice sintético de fecundidade (N.º) por Local de residência (NUTS - 2013); Anual - INE, Indicadores demográficos"
184;Baixo Alentejo;1.73;2016;0008274;"Índice sintético de fecundidade (N.º) por Local de residência (NUTS - 2013); Anual - INE, Indicadores demográficos"
11B;Alto Tâmega;1.02;2017;0008274;"Índice sintético de fecundidade (N.º) por Local de residência (NUTS - 2013); Anual - INE, Indicadores demográficos"
11D;Douro;1.21;2017;0008274;"Índice sintético de fecundidade (N.º) por Local de residência (NUTS - 2013); Anual - INE, Indicadores demográficos"
3;Região Autónoma da Madeira;1.22;2017;0008274;"Índice sintético de fecundidade (N.º) por Local de residência (NUTS - 2013); Anual - INE, Indicadores demográficos"
30;Região Autónoma da Madeira;1.22;2017;0008274;"Índice sintético de fecundidade (N.º) por Local de residência (NUTS - 2013); Anual - INE, Indicadores demográficos"
300;Região Autónoma da Madeira;1.22;2017;0008274;"Índice sintético de fecundidade (N.º) por Local de residência (NUTS - 2013); Anual - INE, Indicadores demográficos"
11C;Tâmega e Sousa;1.25;2017;0008274;"Índice sintético de fecundidade (N.º) por Local de residência (NUTS - 2013); Anual - INE, Indicadores demográficos"
11;Norte;1.26;2017;0008274;"Índice sintético de fecundidade (N.º) por Local de residência (NUTS - 2013); Anual - INE, Indicadores demográficos"
11A;Área Metropolitana do Porto;1.26;2017;0008274;"Índice sintético de fecundidade (N.º) por Local de residência (NUTS - 2013); Anual - INE, Indicadores demográficos"
11E;Terras de Trás-os-Montes;1.27;2017;0008274;"Índice sintético de fecundidade (N.º) por Local de residência (NUTS - 2013); Anual - INE, Indicadores demográficos"
16G;Viseu Dão Lafões;1.28;2017;0008274;"Índice sintético de fecundidade (N.º) por Local de residência (NUTS - 2013); Anual - INE, Indicadores demográficos"
112;Cávado;1.3;2017;0008274;"Índice sintético de fecundidade (N.º) por Local de residência (NUTS - 2013); Anual - INE, Indicadores demográficos"
119;Ave;1.3;2017;0008274;"Índice sintético de fecundidade (N.º) por Local de residência (NUTS - 2013); Anual - INE, Indicadores demográficos"
111;Alto Minho;1.31;2017;0008274;"Índice sintético de fecundidade (N.º) por Local de residência (NUTS - 2013); Anual - INE, Indicadores demográficos"
16E;Região de Coimbra;1.33;2017;0008274;"Índice sintético de fecundidade (N.º) por Local de residência (NUTS - 2013); Anual - INE, Indicadores demográficos"
2;Região Autónoma dos Açores;1.33;2017;0008274;"Índice sintético de fecundidade (N.º) por Local de residência (NUTS - 2013); Anual - INE, Indicadores demográficos"
20;Região Autónoma dos Açores;1.33;2017;0008274;"Índice sintético de fecundidade (N.º) por Local de residência (NUTS - 2013); Anual - INE, Indicadores demográficos"
200;Região Autónoma dos Açores;1.33;2017;0008274;"Índice sintético de fecundidade (N.º) por Local de residência (NUTS - 2013); Anual - INE, Indicadores demográficos"
16D;Região de Aveiro;1.35;2017;0008274;"Índice sintético de fecundidade (N.º) por Local de residência (NUTS - 2013); Anual - INE, Indicadores demográficos"
16I;Médio Tejo;1.35;2017;0008274;"Índice sintético de fecundidade (N.º) por Local de residência (NUTS - 2013); Anual - INE, Indicadores demográficos"
186;Alto Alentejo;1.36;2017;0008274;"Índice sintético de fecundidade (N.º) por Local de residência (NUTS - 2013); Anual - INE, Indicadores demográficos"
16J;Beiras e Serra da Estrela;1.37;2017;0008274;"Índice sintético de fecundidade (N.º) por Local de residência (NUTS - 2013); Anual - INE, Indicadores demográficos"
16;Centro;1.38;2017;0008274;"Índice sintético de fecundidade (N.º) por Local de residência (NUTS - 2013); Anual - INE, Indicadores demográficos"
16H;Beira Baixa;1.42;2017;0008274;"Índice sintético de fecundidade (N.º) por Local de residência (NUTS - 2013); Anual - INE, Indicadores demográficos"
16B;Oeste;1.44;2017;0008274;"Índice sintético de fecundidade (N.º) por Local de residência (NUTS - 2013); Anual - INE, Indicadores demográficos"
PT;Portugal;1.44;2017;0008274;"Índice sintético de fecundidade (N.º) por Local de residência (NUTS - 2013); Anual - INE, Indicadores demográficos"
1;Continente;1.45;2017;0008274;"Índice sintético de fecundidade (N.º) por Local de residência (NUTS - 2013); Anual - INE, Indicadores demográficos"
16F;Região de Leiria;1.49;2017;0008274;"Índice sintético de fecundidade (N.º) por Local de residência (NUTS - 2013); Anual - INE, Indicadores demográficos"
187;Alentejo Central;1.53;2017;0008274;"Índice sintético de fecundidade (N.º) por Local de residência (NUTS - 2013); Anual - INE, Indicadores demográficos"
185;Lezíria do Tejo;1.55;2017;0008274;"Índice sintético de fecundidade (N.º) por Local de residência (NUTS - 2013); Anual - INE, Indicadores demográficos"
18;Alentejo;1.56;2017;0008274;"Índice sintético de fecundidade (N.º) por Local de residência (NUTS - 2013); Anual - INE, Indicadores demográficos"
17;Área Metropolitana de Lisboa;1.67;2017;0008274;"Índice sintético de fecundidade (N.º) por Local de residência (NUTS - 2013); Anual - INE, Indicadores demográficos"
170;Área Metropolitana de Lisboa;1.67;2017;0008274;"Índice sintético de fecundidade (N.º) por Local de residência (NUTS - 2013); Anual - INE, Indicadores demográficos"
181;Alentejo Litoral;1.68;2017;0008274;"Índice sintético de fecundidade (N.º) por Local de residência (NUTS - 2013); Anual - INE, Indicadores demográficos"
15;Algarve;1.71;2017;0008274;"Índice sintético de fecundidade (N.º) por Local de residência (NUTS - 2013); Anual - INE, Indicadores demográficos"
150;Algarve;1.71;2017;0008274;"Índice sintético de fecundidade (N.º) por Local de residência (NUTS - 2013); Anual - INE, Indicadores demográficos"
184;Baixo Alentejo;1.73;2017;0008274;"Índice sintético de fecundidade (N.º) por Local de residência (NUTS - 2013); Anual - INE, Indicadores demográficos"
11B;Alto Tâmega;1.02;2020;0008274;"Índice sintético de fecundidade (N.º) por Local de residência (NUTS - 2013); Anual - INE, Indicadores demográficos"
11D;Douro;1.21;2020;0008274;"Índice sintético de fecundidade (N.º) por Local de residência (NUTS - 2013); Anual - INE, Indicadores demográficos"
3;Região Autónoma da Madeira;1.22;2020;0008274;"Índice sintético de fecundidade (N.º) por Local de residência (NUTS - 2013); Anual - INE, Indicadores demográficos"
30;Região Autónoma da Madeira;1.22;2020;0008274;"Índice sintético de fecundidade (N.º) por Local de residência (NUTS - 2013); Anual - INE, Indicadores demográficos"
300;Região Autónoma da Madeira;1.22;2020;0008274;"Índice sintético de fecundidade (N.º) por Local de residência (NUTS - 2013); Anual - INE, Indicadores demográficos"
11C;Tâmega e Sousa;1.25;2020;0008274;"Índice sintético de fecundidade (N.º) por Local de residência (NUTS - 2013); Anual - INE, Indicadores demográficos"
11;Norte;1.26;2020;0008274;"Índice sintético de fecundidade (N.º) por Local de residência (NUTS - 2013); Anual - INE, Indicadores demográficos"
11A;Área Metropolitana do Porto;1.26;2020;0008274;"Índice sintético de fecundidade (N.º) por Local de residência (NUTS - 2013); Anual - INE, Indicadores demográficos"
11E;Terras de Trás-os-Montes;1.27;2020;0008274;"Índice sintético de fecundidade (N.º) por Local de residência (NUTS - 2013); Anual - INE, Indicadores demográficos"
16G;Viseu Dão Lafões;1.28;2020;0008274;"Índice sintético de fecundidade (N.º) por Local de residência (NUTS - 2013); Anual - INE, Indicadores demográficos"
112;Cávado;1.3;2020;0008274;"Índice sintético de fecundidade (N.º) por Local de residência (NUTS - 2013); Anual - INE, Indicadores demográficos"
119;Ave;1.3;2020;0008274;"Índice sintético de fecundidade (N.º) por Local de residência (NUTS - 2013); Anual - INE, Indicadores demográficos"
111;Alto Minho;1.31;2020;0008274;"Índice sintético de fecundidade (N.º) por Local de residência (NUTS - 2013); Anual - INE, Indicadores demográficos"
16E;Região de Coimbra;1.33;2020;0008274;"Índice sintético de fecundidade (N.º) por Local de residência (NUTS - 2013); Anual - INE, Indicadores demográficos"
2;Região Autónoma dos Açores;1.33;2020;0008274;"Índice sintético de fecundidade (N.º) por Local de residência (NUTS - 2013); Anual - INE, Indicadores demográficos"
20;Região Autónoma dos Açores;1.33;2020;0008274;"Índice sintético de fecundidade (N.º) por Local de residência (NUTS - 2013); Anual - INE, Indicadores demográficos"
200;Região Autónoma dos Açores;1.33;2020;0008274;"Índice sintético de fecundidade (N.º) por Local de residência (NUTS - 2013); Anual - INE, Indicadores demográficos"
16D;Região de Aveiro;1.35;2020;0008274;"Índice sintético de fecundidade (N.º) por Local de residência (NUTS - 2013); Anual - INE, Indicadores demográficos"
16I;Médio Tejo;1.35;2020;0008274;"Índice sintético de fecundidade (N.º) por Local de residência (NUTS - 2013); Anual - INE, Indicadores demográficos"
186;Alto Alentejo;1.36;2020;0008274;"Índice sintético de fecundidade (N.º) por Local de residência (NUTS - 2013); Anual - INE, Indicadores demográficos"
16J;Beiras e Serra da Estrela;1.37;2020;0008274;"Índice sintético de fecundidade (N.º) por Local de residência (NUTS - 2013); Anual - INE, Indicadores demográficos"
16;Centro;1.38;2020;0008274;"Índice sintético de fecundidade (N.º) por Local de residência (NUTS - 2013); Anual - INE, Indicadores demográficos"
16H;Beira Baixa;1.42;2020;0008274;"Índice sintético de fecundidade (N.º) por Local de residência (NUTS - 2013); Anual - INE, Indicadores demográficos"
16B;Oeste;1.44;2020;0008274;"Índice sintético de fecundidade (N.º) por Local de residência (NUTS - 2013); Anual - INE, Indicadores demográficos"
PT;Portugal;1.44;2020;0008274;"Índice sintético de fecundidade (N.º) por Local de residência (NUTS - 2013); Anual - INE, Indicadores demográficos"
1;Continente;1.45;2020;0008274;"Índice sintético de fecundidade (N.º) por Local de residência (NUTS - 2013); Anual - INE, Indicadores demográficos"
16F;Região de Leiria;1.49;2020;0008274;"Índice sintético de fecundidade (N.º) por Local de residência (NUTS - 2013); Anual - INE, Indicadores demográficos"
187;Alentejo Central;1.53;2020;0008274;"Índice sintético de fecundidade (N.º) por Local de residência (NUTS - 2013); Anual - INE, Indicadores demográficos"
185;Lezíria do Tejo;1.55;2020;0008274;"Índice sintético de fecundidade (N.º) por Local de residência (NUTS - 2013); Anual - INE, Indicadores demográficos"
18;Alentejo;1.56;2020;0008274;"Índice sintético de fecundidade (N.º) por Local de residência (NUTS - 2013); Anual - INE, Indicadores demográficos"
17;Área Metropolitana de Lisboa;1.67;2020;0008274;"Índice sintético de fecundidade (N.º) por Local de residência (NUTS - 2013); Anual - INE, Indicadores demográficos"
170;Área Metropolitana de Lisboa;1.67;2020;0008274;"Índice sintético de fecundidade (N.º) por Local de residência (NUTS - 2013); Anual - INE, Indicadores demográficos"
181;Alentejo Litoral;1.68;2020;0008274;"Índice sintético de fecundidade (N.º) por Local de residência (NUTS - 2013); Anual - INE, Indicadores demográficos"
15;Algarve;1.71;2020;0008274;"Índice sintético de fecundidade (N.º) por Local de residência (NUTS - 2013); Anual - INE, Indicadores demográficos"
150;Algarve;1.71;2020;0008274;"Índice sintético de fecundidade (N.º) por Local de residência (NUTS - 2013); Anual - INE, Indicadores demográficos"
184;Baixo Alentejo;1.73;2020;0008274;"Índice sintético de fecundidade (N.º) por Local de residência (NUTS - 2013); Anual - INE, Indicadores demográficos"
11B;Alto Tâmega;1.02;2018;0008274;"Índice sintético de fecundidade (N.º) por Local de residência (NUTS - 2013); Anual - INE, Indicadores demográficos"
11D;Douro;1.21;2018;0008274;"Índice sintético de fecundidade (N.º) por Local de residência (NUTS - 2013); Anual - INE, Indicadores demográficos"
3;Região Autónoma da Madeira;1.22;2018;0008274;"Índice sintético de fecundidade (N.º) por Local de residência (NUTS - 2013); Anual - INE, Indicadores demográficos"
30;Região Autónoma da Madeira;1.22;2018;0008274;"Índice sintético de fecundidade (N.º) por Local de residência (NUTS - 2013); Anual - INE, Indicadores demográficos"
300;Região Autónoma da Madeira;1.22;2018;0008274;"Índice sintético de fecundidade (N.º) por Local de residência (NUTS - 2013); Anual - INE, Indicadores demográficos"
11C;Tâmega e Sousa;1.25;2018;0008274;"Índice sintético de fecundidade (N.º) por Local de residência (NUTS - 2013); Anual - INE, Indicadores demográficos"
11;Norte;1.26;2018;0008274;"Índice sintético de fecundidade (N.º) por Local de residência (NUTS - 2013); Anual - INE, Indicadores demográficos"
11A;Área Metropolitana do Porto;1.26;2018;0008274;"Índice sintético de fecundidade (N.º) por Local de residência (NUTS - 2013); Anual - INE, Indicadores demográficos"
11E;Terras de Trás-os-Montes;1.27;2018;0008274;"Índice sintético de fecundidade (N.º) por Local de residência (NUTS - 2013); Anual - INE, Indicadores demográficos"
16G;Viseu Dão Lafões;1.28;2018;0008274;"Índice sintético de fecundidade (N.º) por Local de residência (NUTS - 2013); Anual - INE, Indicadores demográficos"
112;Cávado;1.3;2018;0008274;"Índice sintético de fecundidade (N.º) por Local de residência (NUTS - 2013); Anual - INE, Indicadores demográficos"
119;Ave;1.3;2018;0008274;"Índice sintético de fecundidade (N.º) por Local de residência (NUTS - 2013); Anual - INE, Indicadores demográficos"
111;Alto Minho;1.31;2018;0008274;"Índice sintético de fecundidade (N.º) por Local de residência (NUTS - 2013); Anual - INE, Indicadores demográficos"
16E;Região de Coimbra;1.33;2018;0008274;"Índice sintético de fecundidade (N.º) por Local de residência (NUTS - 2013); Anual - INE, Indicadores demográficos"
2;Região Autónoma dos Açores;1.33;2018;0008274;"Índice sintético de fecundidade (N.º) por Local de residência (NUTS - 2013); Anual - INE, Indicadores demográficos"
20;Região Autónoma dos Açores;1.33;2018;0008274;"Índice sintético de fecundidade (N.º) por Local de residência (NUTS - 2013); Anual - INE, Indicadores demográficos"
200;Região Autónoma dos Açores;1.33;2018;0008274;"Índice sintético de fecundidade (N.º) por Local de residência (NUTS - 2013); Anual - INE, Indicadores demográficos"
16D;Região de Aveiro;1.35;2018;0008274;"Índice sintético de fecundidade (N.º) por Local de residência (NUTS - 2013); Anual - INE, Indicadores demográficos"
16I;Médio Tejo;1.35;2018;0008274;"Índice sintético de fecundidade (N.º) por Local de residência (NUTS - 2013); Anual - INE, Indicadores demográficos"
186;Alto Alentejo;1.36;2018;0008274;"Índice sintético de fecundidade (N.º) por Local de residência (NUTS - 2013); Anual - INE, Indicadores demográficos"
16J;Beiras e Serra da Estrela;1.37;2018;0008274;"Índice sintético de fecundidade (N.º) por Local de residência (NUTS - 2013); Anual - INE, Indicadores demográficos"
16;Centro;1.38;2018;0008274;"Índice sintético de fecundidade (N.º) por Local de residência (NUTS - 2013); Anual - INE, Indicadores demográficos"
16H;Beira Baixa;1.42;2018;0008274;"Índice sintético de fecundidade (N.º) por Local de residência (NUTS - 2013); Anual - INE, Indicadores demográficos"
16B;Oeste;1.44;2018;0008274;"Índice sintético de fecundidade (N.º) por Local de residência (NUTS - 2013); Anual - INE, Indicadores demográficos"
PT;Portugal;1.44;2018;0008274;"Índice sintético de fecundidade (N.º) por Local de residência (NUTS - 2013); Anual - INE, Indicadores demográficos"
1;Continente;1.45;2018;0008274;"Índice sintético de fecundidade (N.º) por Local de residência (NUTS - 2013); Anual - INE, Indicadores demográficos"
16F;Região de Leiria;1.49;2018;0008274;"Índice sintético de fecundidade (N.º) por Local de residência (NUTS - 2013); Anual - INE, Indicadores demográficos"
187;Alentejo Central;1.53;2018;0008274;"Índice sintético de fecundidade (N.º) por Local de residência (NUTS - 2013); Anual - INE, Indicadores demográficos"
185;Lezíria do Tejo;1.55;2018;0008274;"Índice sintético de fecundidade (N.º) por Local de residência (NUTS - 2013); Anual - INE, Indicadores demográficos"
18;Alentejo;1.56;2018;0008274;"Índice sintético de fecundidade (N.º) por Local de residência (NUTS - 2013); Anual - INE, Indicadores demográficos"
17;Área Metropolitana de Lisboa;1.67;2018;0008274;"Índice sintético de fecundidade (N.º) por Local de residência (NUTS - 2013); Anual - INE, Indicadores demográficos"
170;Área Metropolitana de Lisboa;1.67;2018;0008274;"Índice sintético de fecundidade (N.º) por Local de residência (NUTS - 2013); Anual - INE, Indicadores demográficos"
181;Alentejo Litoral;1.68;2018;0008274;"Índice sintético de fecundidade (N.º) por Local de residência (NUTS - 2013); Anual - INE, Indicadores demográficos"
15;Algarve;1.71;2018;0008274;"Índice sintético de fecundidade (N.º) por Local de residência (NUTS - 2013); Anual - INE, Indicadores demográficos"
150;Algarve;1.71;2018;0008274;"Índice sintético de fecundidade (N.º) por Local de residência (NUTS - 2013); Anual - INE, Indicadores demográficos"
184;Baixo Alentejo;1.73;2018;0008274;"Índice sintético de fecundidade (N.º) por Local de residência (NUTS - 2013); Anual - INE, Indicadores demográficos"
11B;Alto Tâmega;1.02;2022;0008274;"Índice sintético de fecundidade (N.º) por Local de residência (NUTS - 2013); Anual - INE, Indicadores demográficos"
11D;Douro;1.21;2022;0008274;"Índice sintético de fecundidade (N.º) por Local de residência (NUTS - 2013); Anual - INE, Indicadores demográficos"
3;Região Autónoma da Madeira;1.22;2022;0008274;"Índice sintético de fecundidade (N.º) por Local de residência (NUTS - 2013); Anual - INE, Indicadores demográficos"
30;Região Autónoma da Madeira;1.22;2022;0008274;"Índice sintético de fecundidade (N.º) por Local de residência (NUTS - 2013); Anual - INE, Indicadores demográficos"
300;Região Autónoma da Madeira;1.22;2022;0008274;"Índice sintético de fecundidade (N.º) por Local de residência (NUTS - 2013); Anual - INE, Indicadores demográficos"
11C;Tâmega e Sousa;1.25;2022;0008274;"Índice sintético de fecundidade (N.º) por Local de residência (NUTS - 2013); Anual - INE, Indicadores demográficos"
11;Norte;1.26;2022;0008274;"Índice sintético de fecundidade (N.º) por Local de residência (NUTS - 2013); Anual - INE, Indicadores demográficos"
11A;Área Metropolitana do Porto;1.26;2022;0008274;"Índice sintético de fecundidade (N.º) por Local de residência (NUTS - 2013); Anual - INE, Indicadores demográficos"
11E;Terras de Trás-os-Montes;1.27;2022;0008274;"Índice sintético de fecundidade (N.º) por Local de residência (NUTS - 2013); Anual - INE, Indicadores demográficos"
16G;Viseu Dão Lafões;1.28;2022;0008274;"Índice sintético de fecundidade (N.º) por Local de residência (NUTS - 2013); Anual - INE, Indicadores demográficos"
112;Cávado;1.3;2022;0008274;"Índice sintético de fecundidade (N.º) por Local de residência (NUTS - 2013); Anual - INE, Indicadores demográficos"
119;Ave;1.3;2022;0008274;"Índice sintético de fecundidade (N.º) por Local de residência (NUTS - 2013); Anual - INE, Indicadores demográficos"
111;Alto Minho;1.31;2022;0008274;"Índice sintético de fecundidade (N.º) por Local de residência (NUTS - 2013); Anual - INE, Indicadores demográficos"
16E;Região de Coimbra;1.33;2022;0008274;"Índice sintético de fecundidade (N.º) por Local de residência (NUTS - 2013); Anual - INE, Indicadores demográficos"
2;Região Autónoma dos Açores;1.33;2022;0008274;"Índice sintético de fecundidade (N.º) por Local de residência (NUTS - 2013); Anual - INE, Indicadores demográficos"
20;Região Autónoma dos Açores;1.33;2022;0008274;"Índice sintético de fecundidade (N.º) por Local de residência (NUTS - 2013); Anual - INE, Indicadores demográficos"
200;Região Autónoma dos Açores;1.33;2022;0008274;"Índice sintético de fecundidade (N.º) por Local de residência (NUTS - 2013); Anual - INE, Indicadores demográficos"
16D;Região de Aveiro;1.35;2022;0008274;"Índice sintético de fecundidade (N.º) por Local de residência (NUTS - 2013); Anual - INE, Indicadores demográficos"
16I;Médio Tejo;1.35;2022;0008274;"Índice sintético de fecundidade (N.º) por Local de residência (NUTS - 2013); Anual - INE, Indicadores demográficos"
186;Alto Alentejo;1.36;2022;0008274;"Índice sintético de fecundidade (N.º) por Local de residência (NUTS - 2013); Anual - INE, Indicadores demográficos"
16J;Beiras e Serra da Estrela;1.37;2022;0008274;"Índice sintético de fecundidade (N.º) por Local de residência (NUTS - 2013); Anual - INE, Indicadores demográficos"
16;Centro;1.38;2022;0008274;"Índice sintético de fecundidade (N.º) por Local de residência (NUTS - 2013); Anual - INE, Indicadores demográficos"
16H;Beira Baixa;1.42;2022;0008274;"Índice sintético de fecundidade (N.º) por Local de residência (NUTS - 2013); Anual - INE, Indicadores demográficos"
16B;Oeste;1.44;2022;0008274;"Índice sintético de fecundidade (N.º) por Local de residência (NUTS - 2013); Anual - INE, Indicadores demográficos"
PT;Portugal;1.44;2022;0008274;"Índice sintético de fecundidade (N.º) por Local de residência (NUTS - 2013); Anual - INE, Indicadores demográficos"
1;Continente;1.45;2022;0008274;"Índice sintético de fecundidade (N.º) por Local de residência (NUTS - 2013); Anual - INE, Indicadores demográficos"
16F;Região de Leiria;1.49;2022;0008274;"Índice sintético de fecundidade (N.º) por Local de residência (NUTS - 2013); Anual - INE, Indicadores demográficos"
187;Alentejo Central;1.53;2022;0008274;"Índice sintético de fecundidade (N.º) por Local de residência (NUTS - 2013); Anual - INE, Indicadores demográficos"
185;Lezíria do Tejo;1.55;2022;0008274;"Índice sintético de fecundidade (N.º) por Local de residência (NUTS - 2013); Anual - INE, Indicadores demográficos"
18;Alentejo;1.56;2022;0008274;"Índice sintético de fecundidade (N.º) por Local de residência (NUTS - 2013); Anual - INE, Indicadores demográficos"
17;Área Metropolitana de Lisboa;1.67;2022;0008274;"Índice sintético de fecundidade (N.º) por Local de residência (NUTS - 2013); Anual - INE, Indicadores demográficos"
170;Área Metropolitana de Lisboa;1.67;2022;0008274;"Índice sintético de fecundidade (N.º) por Local de residência (NUTS - 2013); Anual - INE, Indicadores demográficos"
181;Alentejo Litoral;1.68;2022;0008274;"Índice sintético de fecundidade (N.º) por Local de residência (NUTS - 2013); Anual - INE, Indicadores demográficos"
15;Algarve;1.71;2022;0008274;"Índice sintético de fecundidade (N.º) por Local de residência (NUTS - 2013); Anual - INE, Indicadores demográficos"
150;Algarve;1.71;2022;0008274;"Índice sintético de fecundidade (N.º) por Local de residência (NUTS - 2013); Anual - INE, Indicadores demográficos"
184;Baixo Alentejo;1.73;2022;0008274;"Índice sintético de fecundidade (N.º) por Local de residência (NUTS - 2013); Anual - INE, Indicadores demográficos"
11B;Alto Tâmega;1.02;2019;0008274;"Índice sintético de fecundidade (N.º) por Local de residência (NUTS - 2013); Anual - INE, Indicadores demográficos"
11D;Douro;1.21;2019;0008274;"Índice sintético de fecundidade (N.º) por Local de residência (NUTS - 2013); Anual - INE, Indicadores demográficos"
3;Região Autónoma da Madeira;1.22;2019;0008274;"Índice sintético de fecundidade (N.º) por Local de residência (NUTS - 2013); Anual - INE, Indicadores demográficos"
30;Região Autónoma da Madeira;1.22;2019;0008274;"Índice sintético de fecundidade (N.º) por Local de residência (NUTS - 2013); Anual - INE, Indicadores demográficos"
300;Região Autónoma da Madeira;1.22;2019;0008274;"Índice sintético de fecundidade (N.º) por Local de residência (NUTS - 2013); Anual - INE, Indicadores demográficos"
11C;Tâmega e Sousa;1.25;2019;0008274;"Índice sintético de fecundidade (N.º) por Local de residência (NUTS - 2013); Anual - INE, Indicadores demográficos"
11;Norte;1.26;2019;0008274;"Índice sintético de fecundidade (N.º) por Local de residência (NUTS - 2013); Anual - INE, Indicadores demográficos"
11A;Área Metropolitana do Porto;1.26;2019;0008274;"Índice sintético de fecundidade (N.º) por Local de residência (NUTS - 2013); Anual - INE, Indicadores demográficos"
11E;Terras de Trás-os-Montes;1.27;2019;0008274;"Índice sintético de fecundidade (N.º) por Local de residência (NUTS - 2013); Anual - INE, Indicadores demográficos"
16G;Viseu Dão Lafões;1.28;2019;0008274;"Índice sintético de fecundidade (N.º) por Local de residência (NUTS - 2013); Anual - INE, Indicadores demográficos"
112;Cávado;1.3;2019;0008274;"Índice sintético de fecundidade (N.º) por Local de residência (NUTS - 2013); Anual - INE, Indicadores demográficos"
119;Ave;1.3;2019;0008274;"Índice sintético de fecundidade (N.º) por Local de residência (NUTS - 2013); Anual - INE, Indicadores demográficos"
111;Alto Minho;1.31;2019;0008274;"Índice sintético de fecundidade (N.º) por Local de residência (NUTS - 2013); Anual - INE, Indicadores demográficos"
16E;Região de Coimbra;1.33;2019;0008274;"Índice sintético de fecundidade (N.º) por Local de residência (NUTS - 2013); Anual - INE, Indicadores demográficos"
2;Região Autónoma dos Açores;1.33;2019;0008274;"Índice sintético de fecundidade (N.º) por Local de residência (NUTS - 2013); Anual - INE, Indicadores demográficos"
20;Região Autónoma dos Açores;1.33;2019;0008274;"Índice sintético de fecundidade (N.º) por Local de residência (NUTS - 2013); Anual - INE, Indicadores demográficos"
200;Região Autónoma dos Açores;1.33;2019;0008274;"Índice sintético de fecundidade (N.º) por Local de residência (NUTS - 2013); Anual - INE, Indicadores demográficos"
16D;Região de Aveiro;1.35;2019;0008274;"Índice sintético de fecundidade (N.º) por Local de residência (NUTS - 2013); Anual - INE, Indicadores demográficos"
16I;Médio Tejo;1.35;2019;0008274;"Índice sintético de fecundidade (N.º) por Local de residência (NUTS - 2013); Anual - INE, Indicadores demográficos"
186;Alto Alentejo;1.36;2019;0008274;"Índice sintético de fecundidade (N.º) por Local de residência (NUTS - 2013); Anual - INE, Indicadores demográficos"
16J;Beiras e Serra da Estrela;1.37;2019;0008274;"Índice sintético de fecundidade (N.º) por Local de residência (NUTS - 2013); Anual - INE, Indicadores demográficos"
16;Centro;1.38;2019;0008274;"Índice sintético de fecundidade (N.º) por Local de residência (NUTS - 2013); Anual - INE, Indicadores demográficos"
16H;Beira Baixa;1.42;2019;0008274;"Índice sintético de fecundidade (N.º) por Local de residência (NUTS - 2013); Anual - INE, Indicadores demográficos"
16B;Oeste;1.44;2019;0008274;"Índice sintético de fecundidade (N.º) por Local de residência (NUTS - 2013); Anual - INE, Indicadores demográficos"
PT;Portugal;1.44;2019;0008274;"Índice sintético de fecundidade (N.º) por Local de residência (NUTS - 2013); Anual - INE, Indicadores demográficos"
1;Continente;1.45;2019;0008274;"Índice sintético de fecundidade (N.º) por Local de residência (NUTS - 2013); Anual - INE, Indicadores demográficos"
16F;Região de Leiria;1.49;2019;0008274;"Índice sintético de fecundidade (N.º) por Local de residência (NUTS - 2013); Anual - INE, Indicadores demográficos"
187;Alentejo Central;1.53;2019;0008274;"Índice sintético de fecundidade (N.º) por Local de residência (NUTS - 2013); Anual - INE, Indicadores demográficos"
185;Lezíria do Tejo;1.55;2019;0008274;"Índice sintético de fecundidade (N.º) por Local de residência (NUTS - 2013); Anual - INE, Indicadores demográficos"
18;Alentejo;1.56;2019;0008274;"Índice sintético de fecundidade (N.º) por Local de residência (NUTS - 2013); Anual - INE, Indicadores demográficos"
17;Área Metropolitana de Lisboa;1.67;2019;0008274;"Índice sintético de fecundidade (N.º) por Local de residência (NUTS - 2013); Anual - INE, Indicadores demográficos"
170;Área Metropolitana de Lisboa;1.67;2019;0008274;"Índice sintético de fecundidade (N.º) por Local de residência (NUTS - 2013); Anual - INE, Indicadores demográficos"
181;Alentejo Litoral;1.68;2019;0008274;"Índice sintético de fecundidade (N.º) por Local de residência (NUTS - 2013); Anual - INE, Indicadores demográficos"
15;Algarve;1.71;2019;0008274;"Índice sintético de fecundidade (N.º) por Local de residência (NUTS - 2013); Anual - INE, Indicadores demográficos"
150;Algarve;1.71;2019;0008274;"Índice sintético de fecundidade (N.º) por Local de residência (NUTS - 2013); Anual - INE, Indicadores demográficos"
184;Baixo Alentejo;1.73;2019;0008274;"Índice sintético de fecundidade (N.º) por Local de residência (NUTS - 2013); Anual - INE, Indicadores demográficos"
11B;Alto Tâmega;1.02;2023;0008274;"Índice sintético de fecundidade (N.º) por Local de residência (NUTS - 2013); Anual - INE, Indicadores demográficos"
11D;Douro;1.21;2023;0008274;"Índice sintético de fecundidade (N.º) por Local de residência (NUTS - 2013); Anual - INE, Indicadores demográficos"
3;Região Autónoma da Madeira;1.22;2023;0008274;"Índice sintético de fecundidade (N.º) por Local de residência (NUTS - 2013); Anual - INE, Indicadores demográficos"
30;Região Autónoma da Madeira;1.22;2023;0008274;"Índice sintético de fecundidade (N.º) por Local de residência (NUTS - 2013); Anual - INE, Indicadores demográficos"
300;Região Autónoma da Madeira;1.22;2023;0008274;"Índice sintético de fecundidade (N.º) por Local de residência (NUTS - 2013); Anual - INE, Indicadores demográficos"
11C;Tâmega e Sousa;1.25;2023;0008274;"Índice sintético de fecundidade (N.º) por Local de residência (NUTS - 2013); Anual - INE, Indicadores demográficos"
11;Norte;1.26;2023;0008274;"Índice sintético de fecundidade (N.º) por Local de residência (NUTS - 2013); Anual - INE, Indicadores demográficos"
11A;Área Metropolitana do Porto;1.26;2023;0008274;"Índice sintético de fecundidade (N.º) por Local de residência (NUTS - 2013); Anual - INE, Indicadores demográficos"
11E;Terras de Trás-os-Montes;1.27;2023;0008274;"Índice sintético de fecundidade (N.º) por Local de residência (NUTS - 2013); Anual - INE, Indicadores demográficos"
16G;Viseu Dão Lafões;1.28;2023;0008274;"Índice sintético de fecundidade (N.º) por Local de residência (NUTS - 2013); Anual - INE, Indicadores demográficos"
112;Cávado;1.3;2023;0008274;"Índice sintético de fecundidade (N.º) por Local de residência (NUTS - 2013); Anual - INE, Indicadores demográficos"
119;Ave;1.3;2023;0008274;"Índice sintético de fecundidade (N.º) por Local de residência (NUTS - 2013); Anual - INE, Indicadores demográficos"
111;Alto Minho;1.31;2023;0008274;"Índice sintético de fecundidade (N.º) por Local de residência (NUTS - 2013); Anual - INE, Indicadores demográficos"
16E;Região de Coimbra;1.33;2023;0008274;"Índice sintético de fecundidade (N.º) por Local de residência (NUTS - 2013); Anual - INE, Indicadores demográficos"
2;Região Autónoma dos Açores;1.33;2023;0008274;"Índice sintético de fecundidade (N.º) por Local de residência (NUTS - 2013); Anual - INE, Indicadores demográficos"
20;Região Autónoma dos Açores;1.33;2023;0008274;"Índice sintético de fecundidade (N.º) por Local de residência (NUTS - 2013); Anual - INE, Indicadores demográficos"
200;Região Autónoma dos Açores;1.33;2023;0008274;"Índice sintético de fecundidade (N.º) por Local de residência (NUTS - 2013); Anual - INE, Indicadores demográficos"
16D;Região de Aveiro;1.35;2023;0008274;"Índice sintético de fecundidade (N.º) por Local de residência (NUTS - 2013); Anual - INE, Indicadores demográficos"
16I;Médio Tejo;1.35;2023;0008274;"Índice sintético de fecundidade (N.º) por Local de residência (NUTS - 2013); Anual - INE, Indicadores demográficos"
186;Alto Alentejo;1.36;2023;0008274;"Índice sintético de fecundidade (N.º) por Local de residência (NUTS - 2013); Anual - INE, Indicadores demográficos"
16J;Beiras e Serra da Estrela;1.37;2023;0008274;"Índice sintético de fecundidade (N.º) por Local de residência (NUTS - 2013); Anual - INE, Indicadores demográficos"
16;Centro;1.38;2023;0008274;"Índice sintético de fecundidade (N.º) por Local de residência (NUTS - 2013); Anual - INE, Indicadores demográficos"
16H;Beira Baixa;1.42;2023;0008274;"Índice sintético de fecundidade (N.º) por Local de residência (NUTS - 2013); Anual - INE, Indicadores demográficos"
16B;Oeste;1.44;2023;0008274;"Índice sintético de fecundidade (N.º) por Local de residência (NUTS - 2013); Anual - INE, Indicadores demográficos"
PT;Portugal;1.44;2023;0008274;"Índice sintético de fecundidade (N.º) por Local de residência (NUTS - 2013); Anual - INE, Indicadores demográficos"
1;Continente;1.45;2023;0008274;"Índice sintético de fecundidade (N.º) por Local de residência (NUTS - 2013); Anual - INE, Indicadores demográficos"
16F;Região de Leiria;1.49;2023;0008274;"Índice sintético de fecundidade (N.º) por Local de residência (NUTS - 2013); Anual - INE, Indicadores demográficos"
187;Alentejo Central;1.53;2023;0008274;"Índice sintético de fecundidade (N.º) por Local de residência (NUTS - 2013); Anual - INE, Indicadores demográficos"
185;Lezíria do Tejo;1.55;2023;0008274;"Índice sintético de fecundidade (N.º) por Local de residência (NUTS - 2013); Anual - INE, Indicadores demográficos"
18;Alentejo;1.56;2023;0008274;"Índice sintético de fecundidade (N.º) por Local de residência (NUTS - 2013); Anual - INE, Indicadores demográficos"
17;Área Metropolitana de Lisboa;1.67;2023;0008274;"Índice sintético de fecundidade (N.º) por Local de residência (NUTS - 2013); Anual - INE, Indicadores demográficos"
170;Área Metropolitana de Lisboa;1.67;2023;0008274;"Índice sintético de fecundidade (N.º) por Local de residência (NUTS - 2013); Anual - INE, Indicadores demográficos"
181;Alentejo Litoral;1.68;2023;0008274;"Índice sintético de fecundidade (N.º) por Local de residência (NUTS - 2013); Anual - INE, Indicadores demográficos"
15;Algarve;1.71;2023;0008274;"Índice sintético de fecundidade (N.º) por Local de residência (NUTS - 2013); Anual - INE, Indicadores demográficos"
150;Algarve;1.71;2023;0008274;"Índice sintético de fecundidade (N.º) por Local de residência (NUTS - 2013); Anual - INE, Indicadores demográficos"
184;Baixo Alentejo;1.73;2023;0008274;"Índice sintético de fecundidade (N.º) por Local de residência (NUTS - 2013); Anual - INE, Indicadores demográficos"
