geocod;geodsg;dim_3;dim_3_t;valor;periodo;indicador_cod;indicador_dsg
PT;Portugal;1;H;15.95;1984;0001228;"Esperança de vida aos 65 anos (Anos) por Sexo; Anual - INE, Indicadores demográficos"
PT;Portugal;2;M;19.3;1984;0001228;"Esperança de vida aos 65 anos (Anos) por Sexo; Anual - INE, Indicadores demográficos"
PT;Portugal;T;HM;17.76;1984;0001228;"Esperança de vida aos 65 anos (Anos) por Sexo; Anual - INE, Indicadores demográficos"
PT;Portugal;1;H;15.95;1985;0001228;"Esperança de vida aos 65 anos (Anos) por Sexo; Anual - INE, Indicadores demográficos"
PT;Portugal;2;M;19.3;1985;0001228;"Esperança de vida aos 65 anos (Anos) por Sexo; Anual - INE, Indicadores demográficos"
PT;Portugal;T;HM;17.76;1985;0001228;"Esperança de vida aos 65 anos (Anos) por Sexo; Anual - INE, Indicadores demográficos"
PT;Portugal;1;H;15.95;1983;0001228;"Esperança de vida aos 65 anos (Anos) por Sexo; Anual - INE, Indicadores demográficos"
PT;Portugal;2;M;19.3;1983;0001228;"Esperança de vida aos 65 anos (Anos) por Sexo; Anual - INE, Indicadores demográficos"
PT;Portugal;T;HM;17.76;1983;0001228;"Esperança de vida aos 65 anos (Anos) por Sexo; Anual - INE, Indicadores demográficos"
PT;Portugal;1;H;15.95;1981;0001228;"Esperança de vida aos 65 anos (Anos) por Sexo; Anual - INE, Indicadores demográficos"
PT;Portugal;2;M;19.3;1981;0001228;"Esperança de vida aos 65 anos (Anos) por Sexo; Anual - INE, Indicadores demográficos"
PT;Portugal;T;HM;17.76;1981;0001228;"Esperança de vida aos 65 anos (Anos) por Sexo; Anual - INE, Indicadores demográficos"
PT;Portugal;1;H;15.95;1982;0001228;"Esperança de vida aos 65 anos (Anos) por Sexo; Anual - INE, Indicadores demográficos"
PT;Portugal;2;M;19.3;1982;0001228;"Esperança de vida aos 65 anos (Anos) por Sexo; Anual - INE, Indicadores demográficos"
PT;Portugal;T;HM;17.76;1982;0001228;"Esperança de vida aos 65 anos (Anos) por Sexo; Anual - INE, Indicadores demográficos"
PT;Portugal;1;H;15.95;1970;0001228;"Esperança de vida aos 65 anos (Anos) por Sexo; Anual - INE, Indicadores demográficos"
PT;Portugal;2;M;19.3;1970;0001228;"Esperança de vida aos 65 anos (Anos) por Sexo; Anual - INE, Indicadores demográficos"
PT;Portugal;T;HM;17.76;1970;0001228;"Esperança de vida aos 65 anos (Anos) por Sexo; Anual - INE, Indicadores demográficos"
PT;Portugal;1;H;15.95;1971;0001228;"Esperança de vida aos 65 anos (Anos) por Sexo; Anual - INE, Indicadores demográficos"
PT;Portugal;2;M;19.3;1971;0001228;"Esperança de vida aos 65 anos (Anos) por Sexo; Anual - INE, Indicadores demográficos"
PT;Portugal;T;HM;17.76;1971;0001228;"Esperança de vida aos 65 anos (Anos) por Sexo; Anual - INE, Indicadores demográficos"
PT;Portugal;1;H;15.95;1972;0001228;"Esperança de vida aos 65 anos (Anos) por Sexo; Anual - INE, Indicadores demográficos"
PT;Portugal;2;M;19.3;1972;0001228;"Esperança de vida aos 65 anos (Anos) por Sexo; Anual - INE, Indicadores demográficos"
PT;Portugal;T;HM;17.76;1972;0001228;"Esperança de vida aos 65 anos (Anos) por Sexo; Anual - INE, Indicadores demográficos"
PT;Portugal;1;H;15.95;1973;0001228;"Esperança de vida aos 65 anos (Anos) por Sexo; Anual - INE, Indicadores demográficos"
PT;Portugal;2;M;19.3;1973;0001228;"Esperança de vida aos 65 anos (Anos) por Sexo; Anual - INE, Indicadores demográficos"
PT;Portugal;T;HM;17.76;1973;0001228;"Esperança de vida aos 65 anos (Anos) por Sexo; Anual - INE, Indicadores demográficos"
PT;Portugal;1;H;15.95;1974;0001228;"Esperança de vida aos 65 anos (Anos) por Sexo; Anual - INE, Indicadores demográficos"
PT;Portugal;2;M;19.3;1974;0001228;"Esperança de vida aos 65 anos (Anos) por Sexo; Anual - INE, Indicadores demográficos"
PT;Portugal;T;HM;17.76;1974;0001228;"Esperança de vida aos 65 anos (Anos) por Sexo; Anual - INE, Indicadores demográficos"
PT;Portugal;1;H;15.95;1975;0001228;"Esperança de vida aos 65 anos (Anos) por Sexo; Anual - INE, Indicadores demográficos"
PT;Portugal;2;M;19.3;1975;0001228;"Esperança de vida aos 65 anos (Anos) por Sexo; Anual - INE, Indicadores demográficos"
PT;Portugal;T;HM;17.76;1975;0001228;"Esperança de vida aos 65 anos (Anos) por Sexo; Anual - INE, Indicadores demográficos"
PT;Portugal;1;H;15.95;1976;0001228;"Esperança de vida aos 65 anos (Anos) por Sexo; Anual - INE, Indicadores demográficos"
PT;Portugal;2;M;19.3;1976;0001228;"Esperança de vida aos 65 anos (Anos) por Sexo; Anual - INE, Indicadores demográficos"
PT;Portugal;T;HM;17.76;1976;0001228;"Esperança de vida aos 65 anos (Anos) por Sexo; Anual - INE, Indicadores demográficos"
PT;Portugal;1;H;15.95;1977;0001228;"Esperança de vida aos 65 anos (Anos) por Sexo; Anual - INE, Indicadores demográficos"
PT;Portugal;2;M;19.3;1977;0001228;"Esperança de vida aos 65 anos (Anos) por Sexo; Anual - INE, Indicadores demográficos"
PT;Portugal;T;HM;17.76;1977;0001228;"Esperança de vida aos 65 anos (Anos) por Sexo; Anual - INE, Indicadores demográficos"
PT;Portugal;1;H;15.95;1978;0001228;"Esperança de vida aos 65 anos (Anos) por Sexo; Anual - INE, Indicadores demográficos"
PT;Portugal;2;M;19.3;1978;0001228;"Esperança de vida aos 65 anos (Anos) por Sexo; Anual - INE, Indicadores demográficos"
PT;Portugal;T;HM;17.76;1978;0001228;"Esperança de vida aos 65 anos (Anos) por Sexo; Anual - INE, Indicadores demográficos"
PT;Portugal;1;H;15.95;1979;0001228;"Esperança de vida aos 65 anos (Anos) por Sexo; Anual - INE, Indicadores demográficos"
PT;Portugal;2;M;19.3;1979;0001228;"Esperança de vida aos 65 anos (Anos) por Sexo; Anual - INE, Indicadores demográficos"
PT;Portugal;T;HM;17.76;1979;0001228;"Esperança de vida aos 65 anos (Anos) por Sexo; Anual - INE, Indicadores demográficos"
PT;Portugal;1;H;15.95;1980;0001228;"Esperança de vida aos 65 anos (Anos) por Sexo; Anual - INE, Indicadores demográficos"
PT;Portugal;2;M;19.3;1980;0001228;"Esperança de vida aos 65 anos (Anos) por Sexo; Anual - INE, Indicadores demográficos"
PT;Portugal;T;HM;17.76;1980;0001228;"Esperança de vida aos 65 anos (Anos) por Sexo; Anual - INE, Indicadores demográficos"
PT;Portugal;1;H;15.95;1987;0001228;"Esperança de vida aos 65 anos (Anos) por Sexo; Anual - INE, Indicadores demográficos"
PT;Portugal;2;M;19.3;1987;0001228;"Esperança de vida aos 65 anos (Anos) por Sexo; Anual - INE, Indicadores demográficos"
PT;Portugal;T;HM;17.76;1987;0001228;"Esperança de vida aos 65 anos (Anos) por Sexo; Anual - INE, Indicadores demográficos"
PT;Portugal;1;H;15.95;1988;0001228;"Esperança de vida aos 65 anos (Anos) por Sexo; Anual - INE, Indicadores demográficos"
PT;Portugal;2;M;19.3;1988;0001228;"Esperança de vida aos 65 anos (Anos) por Sexo; Anual - INE, Indicadores demográficos"
PT;Portugal;T;HM;17.76;1988;0001228;"Esperança de vida aos 65 anos (Anos) por Sexo; Anual - INE, Indicadores demográficos"
PT;Portugal;1;H;15.95;1989;0001228;"Esperança de vida aos 65 anos (Anos) por Sexo; Anual - INE, Indicadores demográficos"
PT;Portugal;2;M;19.3;1989;0001228;"Esperança de vida aos 65 anos (Anos) por Sexo; Anual - INE, Indicadores demográficos"
PT;Portugal;T;HM;17.76;1989;0001228;"Esperança de vida aos 65 anos (Anos) por Sexo; Anual - INE, Indicadores demográficos"
PT;Portugal;1;H;15.95;1986;0001228;"Esperança de vida aos 65 anos (Anos) por Sexo; Anual - INE, Indicadores demográficos"
PT;Portugal;2;M;19.3;1986;0001228;"Esperança de vida aos 65 anos (Anos) por Sexo; Anual - INE, Indicadores demográficos"
PT;Portugal;T;HM;17.76;1986;0001228;"Esperança de vida aos 65 anos (Anos) por Sexo; Anual - INE, Indicadores demográficos"
PT;Portugal;1;H;15.95;1990;0001228;"Esperança de vida aos 65 anos (Anos) por Sexo; Anual - INE, Indicadores demográficos"
PT;Portugal;2;M;19.3;1990;0001228;"Esperança de vida aos 65 anos (Anos) por Sexo; Anual - INE, Indicadores demográficos"
PT;Portugal;T;HM;17.76;1990;0001228;"Esperança de vida aos 65 anos (Anos) por Sexo; Anual - INE, Indicadores demográficos"
PT;Portugal;1;H;15.95;1991;0001228;"Esperança de vida aos 65 anos (Anos) por Sexo; Anual - INE, Indicadores demográficos"
PT;Portugal;2;M;19.3;1991;0001228;"Esperança de vida aos 65 anos (Anos) por Sexo; Anual - INE, Indicadores demográficos"
PT;Portugal;T;HM;17.76;1991;0001228;"Esperança de vida aos 65 anos (Anos) por Sexo; Anual - INE, Indicadores demográficos"
PT;Portugal;1;H;15.95;1992;0001228;"Esperança de vida aos 65 anos (Anos) por Sexo; Anual - INE, Indicadores demográficos"
PT;Portugal;2;M;19.3;1992;0001228;"Esperança de vida aos 65 anos (Anos) por Sexo; Anual - INE, Indicadores demográficos"
PT;Portugal;T;HM;17.76;1992;0001228;"Esperança de vida aos 65 anos (Anos) por Sexo; Anual - INE, Indicadores demográficos"
PT;Portugal;1;H;15.95;1993;0001228;"Esperança de vida aos 65 anos (Anos) por Sexo; Anual - INE, Indicadores demográficos"
PT;Portugal;2;M;19.3;1993;0001228;"Esperança de vida aos 65 anos (Anos) por Sexo; Anual - INE, Indicadores demográficos"
PT;Portugal;T;HM;17.76;1993;0001228;"Esperança de vida aos 65 anos (Anos) por Sexo; Anual - INE, Indicadores demográficos"
PT;Portugal;1;H;15.95;1994;0001228;"Esperança de vida aos 65 anos (Anos) por Sexo; Anual - INE, Indicadores demográficos"
PT;Portugal;2;M;19.3;1994;0001228;"Esperança de vida aos 65 anos (Anos) por Sexo; Anual - INE, Indicadores demográficos"
PT;Portugal;T;HM;17.76;1994;0001228;"Esperança de vida aos 65 anos (Anos) por Sexo; Anual - INE, Indicadores demográficos"
PT;Portugal;1;H;15.95;1995;0001228;"Esperança de vida aos 65 anos (Anos) por Sexo; Anual - INE, Indicadores demográficos"
PT;Portugal;2;M;19.3;1995;0001228;"Esperança de vida aos 65 anos (Anos) por Sexo; Anual - INE, Indicadores demográficos"
PT;Portugal;T;HM;17.76;1995;0001228;"Esperança de vida aos 65 anos (Anos) por Sexo; Anual - INE, Indicadores demográficos"
PT;Portugal;1;H;15.95;1996;0001228;"Esperança de vida aos 65 anos (Anos) por Sexo; Anual - INE, Indicadores demográficos"
PT;Portugal;2;M;19.3;1996;0001228;"Esperança de vida aos 65 anos (Anos) por Sexo; Anual - INE, Indicadores demográficos"
PT;Portugal;T;HM;17.76;1996;0001228;"Esperança de vida aos 65 anos (Anos) por Sexo; Anual - INE, Indicadores demográficos"
PT;Portugal;1;H;15.95;1997;0001228;"Esperança de vida aos 65 anos (Anos) por Sexo; Anual - INE, Indicadores demográficos"
PT;Portugal;2;M;19.3;1997;0001228;"Esperança de vida aos 65 anos (Anos) por Sexo; Anual - INE, Indicadores demográficos"
PT;Portugal;T;HM;17.76;1997;0001228;"Esperança de vida aos 65 anos (Anos) por Sexo; Anual - INE, Indicadores demográficos"
PT;Portugal;1;H;15.95;1998;0001228;"Esperança de vida aos 65 anos (Anos) por Sexo; Anual - INE, Indicadores demográficos"
PT;Portugal;2;M;19.3;1998;0001228;"Esperança de vida aos 65 anos (Anos) por Sexo; Anual - INE, Indicadores demográficos"
PT;Portugal;T;HM;17.76;1998;0001228;"Esperança de vida aos 65 anos (Anos) por Sexo; Anual - INE, Indicadores demográficos"
PT;Portugal;1;H;15.95;1999;0001228;"Esperança de vida aos 65 anos (Anos) por Sexo; Anual - INE, Indicadores demográficos"
PT;Portugal;2;M;19.3;1999;0001228;"Esperança de vida aos 65 anos (Anos) por Sexo; Anual - INE, Indicadores demográficos"
PT;Portugal;T;HM;17.76;1999;0001228;"Esperança de vida aos 65 anos (Anos) por Sexo; Anual - INE, Indicadores demográficos"
PT;Portugal;1;H;15.95;2000;0001228;"Esperança de vida aos 65 anos (Anos) por Sexo; Anual - INE, Indicadores demográficos"
PT;Portugal;2;M;19.3;2000;0001228;"Esperança de vida aos 65 anos (Anos) por Sexo; Anual - INE, Indicadores demográficos"
PT;Portugal;T;HM;17.76;2000;0001228;"Esperança de vida aos 65 anos (Anos) por Sexo; Anual - INE, Indicadores demográficos"
PT;Portugal;1;H;15.95;2001;0001228;"Esperança de vida aos 65 anos (Anos) por Sexo; Anual - INE, Indicadores demográficos"
PT;Portugal;2;M;19.3;2001;0001228;"Esperança de vida aos 65 anos (Anos) por Sexo; Anual - INE, Indicadores demográficos"
PT;Portugal;T;HM;17.76;2001;0001228;"Esperança de vida aos 65 anos (Anos) por Sexo; Anual - INE, Indicadores demográficos"
PT;Portugal;1;H;15.95;2002;0001228;"Esperança de vida aos 65 anos (Anos) por Sexo; Anual - INE, Indicadores demográficos"
PT;Portugal;2;M;19.3;2002;0001228;"Esperança de vida aos 65 anos (Anos) por Sexo; Anual - INE, Indicadores demográficos"
PT;Portugal;T;HM;17.76;2002;0001228;"Esperança de vida aos 65 anos (Anos) por Sexo; Anual - INE, Indicadores demográficos"
PT;Portugal;1;H;15.95;2003;0001228;"Esperança de vida aos 65 anos (Anos) por Sexo; Anual - INE, Indicadores demográficos"
PT;Portugal;2;M;19.3;2003;0001228;"Esperança de vida aos 65 anos (Anos) por Sexo; Anual - INE, Indicadores demográficos"
PT;Portugal;T;HM;17.76;2003;0001228;"Esperança de vida aos 65 anos (Anos) por Sexo; Anual - INE, Indicadores demográficos"
PT;Portugal;1;H;15.95;2004;0001228;"Esperança de vida aos 65 anos (Anos) por Sexo; Anual - INE, Indicadores demográficos"
PT;Portugal;2;M;19.3;2004;0001228;"Esperança de vida aos 65 anos (Anos) por Sexo; Anual - INE, Indicadores demográficos"
PT;Portugal;T;HM;17.76;2004;0001228;"Esperança de vida aos 65 anos (Anos) por Sexo; Anual - INE, Indicadores demográficos"
