entity_name,entity_type,integration_status,integration_year,parent_uls,notes
"Unidade Local de Saúde de Santo António, E.P.E.",ULS,Integrated,2024.0,"Unidade Local de Saúde de Santo António, E.P.E.",Current ULS entity (post-2024)
"Unidade Local de Saúde de Castelo Branco, E. P. E.",ULS,Integrated,2024.0,"Unidade Local de Saúde de Castelo Branco, E. P. E.",Current ULS entity (post-2024)
"UNIDADE LOCAL DE SAÚDE ALTO MINHO, EPE",ULS,Integrated,2024.0,"UNIDADE LOCAL DE SAÚDE ALTO MINHO, EPE",Current ULS entity (post-2024)
"UNIDADE LOCAL DE SAÚDE DE MATOSINHOS, EPE",ULS,Integrated,2024.0,"UNIDADE LOCAL DE SAÚDE DE MATOSINHOS, EPE",Current ULS entity (post-2024)
"Unidade Local de Saúde de Coimbra, E. P. E.",ULS,Integrated,2024.0,"Unidade Local de Saúde de Coimbra, E. P. E.",Current ULS entity (post-2024)
"Unidade Local de Saúde do Médio Ave, E.P.E.",ULS,Integrated,2024.0,"Unidade Local de Saúde do Médio Ave, E.P.E.",Current ULS entity (post-2024)
"Unidade Local de Saúde do Litoral Alentejano, E.P.E.",ULS,Integrated,2024.0,"Unidade Local de Saúde do Litoral Alentejano, E.P.E.",Current ULS entity (post-2024)
"Unidade Local de Saúde do Alto Alentejo, EPE",ULS,Integrated,2024.0,"Unidade Local de Saúde do Alto Alentejo, EPE",Current ULS entity (post-2024)
"Unidade Local de Saúde de Loures-Odivelas, E. P. E.",ULS,Integrated,2024.0,"Unidade Local de Saúde de Loures-Odivelas, E. P. E.",Current ULS entity (post-2024)
"Unidade Local de Saúde de Matosinhos, EPE",ULS,Integrated,2024.0,"Unidade Local de Saúde de Matosinhos, EPE",Current ULS entity (post-2024)
"Unidade Local de Saúde de São José, E. P. E.",ULS,Integrated,2024.0,"Unidade Local de Saúde de São José, E. P. E.",Current ULS entity (post-2024)
"Unidade Local de Saúde de Viseu Dão-Lafões, E. P. E.",ULS,Integrated,2024.0,"Unidade Local de Saúde de Viseu Dão-Lafões, E. P. E.",Current ULS entity (post-2024)
"Unidade Local de Saúde de Santo António, EPE",ULS,Integrated,2024.0,"Unidade Local de Saúde de Santo António, EPE",Current ULS entity (post-2024)
"Unidade Local de Saúde da Lezíria, E. P. E",ULS,Integrated,2024.0,"Unidade Local de Saúde da Lezíria, E. P. E",Current ULS entity (post-2024)
"Unidade Local de Saúde da Lezíria, E.P.E.",ULS,Integrated,2024.0,"Unidade Local de Saúde da Lezíria, E.P.E.",Current ULS entity (post-2024)
"Unidade Local de Saúde da Região de Leiria, EPE",ULS,Integrated,2024.0,"Unidade Local de Saúde da Região de Leiria, EPE",Current ULS entity (post-2024)
"Unidade Local de Saúde Litoral Alentejano, E. P. E.",ULS,Integrated,2024.0,"Unidade Local de Saúde Litoral Alentejano, E. P. E.",Current ULS entity (post-2024)
"Unidade Local de Saúde de Castelo Branco, EPE",ULS,Integrated,2024.0,"Unidade Local de Saúde de Castelo Branco, EPE",Current ULS entity (post-2024)
"Unidade Local de Saúde de Coimbra, E.P.E.",ULS,Integrated,2024.0,"Unidade Local de Saúde de Coimbra, E.P.E.",Current ULS entity (post-2024)
"Unidade Local de Saúde do Nordeste, E.P.E.",ULS,Integrated,2024.0,"Unidade Local de Saúde do Nordeste, E.P.E.",Current ULS entity (post-2024)
"Unidade Local de Saúde de Almada-Seixal, EPE",ULS,Integrated,2024.0,"Unidade Local de Saúde de Almada-Seixal, EPE",Current ULS entity (post-2024)
"Unidade Local de Saúde de Lisboa Ocidental, E.P.E.",ULS,Integrated,2024.0,"Unidade Local de Saúde de Lisboa Ocidental, E.P.E.",Current ULS entity (post-2024)
"Unidade Local de Saúde de Viseu Dão-Lafões, E.P.E.",ULS,Integrated,2024.0,"Unidade Local de Saúde de Viseu Dão-Lafões, E.P.E.",Current ULS entity (post-2024)
"Unidade Local de Saúde de Barcelos/Esposende, E. P. E.",ULS,Integrated,2024.0,"Unidade Local de Saúde de Barcelos/Esposende, E. P. E.",Current ULS entity (post-2024)
"Unidade Local de Saúde de Santa Maria, E.P.E.",ULS,Integrated,2024.0,"Unidade Local de Saúde de Santa Maria, E.P.E.",Current ULS entity (post-2024)
"Unidade Local de Saúde de São José, EPE",ULS,Integrated,2024.0,"Unidade Local de Saúde de São José, EPE",Current ULS entity (post-2024)
"Unidade Local de Saúde do Nordeste, EPE",ULS,Integrated,2024.0,"Unidade Local de Saúde do Nordeste, EPE",Current ULS entity (post-2024)
"Unidade Local de Saúde do Alto Ave, E.P.E.",ULS,Integrated,2024.0,"Unidade Local de Saúde do Alto Ave, E.P.E.",Current ULS entity (post-2024)
"Unidade Local de Saúde do Norte Alentejano, E. P. E.",ULS,Integrated,2024.0,"Unidade Local de Saúde do Norte Alentejano, E. P. E.",Current ULS entity (post-2024)
"Unidade Local de Saúde do Algarve, EPE",ULS,Integrated,2024.0,"Unidade Local de Saúde do Algarve, EPE",Current ULS entity (post-2024)
"Unidade Local de Saúde de Lisboa Ocidental, E. P. E.",ULS,Integrated,2024.0,"Unidade Local de Saúde de Lisboa Ocidental, E. P. E.",Current ULS entity (post-2024)
"Unidade Local de Saúde do Nordeste, E. P. E.",ULS,Integrated,2024.0,"Unidade Local de Saúde do Nordeste, E. P. E.",Current ULS entity (post-2024)
"Unidade Local de Saúde do Algarve, E.P.E.",ULS,Integrated,2024.0,"Unidade Local de Saúde do Algarve, E.P.E.",Current ULS entity (post-2024)
"Unidade Local de Saúde do Algarve, E. P. E.",ULS,Integrated,2024.0,"Unidade Local de Saúde do Algarve, E. P. E.",Current ULS entity (post-2024)
"Unidade Local de Saúde do Baixo Mondego, E. P. E.",ULS,Integrated,2024.0,"Unidade Local de Saúde do Baixo Mondego, E. P. E.",Current ULS entity (post-2024)
"Unidade Local de Saúde de Braga, E.P.E.",ULS,Integrated,2024.0,"Unidade Local de Saúde de Braga, E.P.E.",Current ULS entity (post-2024)
"Unidade Local de Saúde da Póvoa de Varzim/Vila do Conde, EPE",ULS,Integrated,2024.0,"Unidade Local de Saúde da Póvoa de Varzim/Vila do Conde, EPE",Current ULS entity (post-2024)
"Unidade Local de Saúde do Norte Alentejano, EPE",ULS,Integrated,2024.0,"Unidade Local de Saúde do Norte Alentejano, EPE",Current ULS entity (post-2024)
"Unidade Local de Saúde de Gaia/Espinho, E. P. E.",ULS,Integrated,2024.0,"Unidade Local de Saúde de Gaia/Espinho, E. P. E.",Current ULS entity (post-2024)
"Unidade Local de Saúde do Estuário do Tejo, E. P. E.",ULS,Integrated,2024.0,"Unidade Local de Saúde do Estuário do Tejo, E. P. E.",Current ULS entity (post-2024)
"Unidade Local de Saúde de Amadora/Sintra, E. P. E.",ULS,Integrated,2024.0,"Unidade Local de Saúde de Amadora/Sintra, E. P. E.",Current ULS entity (post-2024)
"Unidade Local de Saúde de São João, E. P. E.",ULS,Integrated,2024.0,"Unidade Local de Saúde de São João, E. P. E.",Current ULS entity (post-2024)
"Unidade Local de Saúde do Tâmega e Sousa, EPE",ULS,Integrated,2024.0,"Unidade Local de Saúde do Tâmega e Sousa, EPE",Current ULS entity (post-2024)
"Unidade Local de Saúde de Barcelos / Esposende, E.P.E.",ULS,Integrated,2024.0,"Unidade Local de Saúde de Barcelos / Esposende, E.P.E.",Current ULS entity (post-2024)
"Unidade Local de Saúde de Trás-os-Montes e Alto Douro, E.P.E.",ULS,Integrated,2024.0,"Unidade Local de Saúde de Trás-os-Montes e Alto Douro, E.P.E.",Current ULS entity (post-2024)
"Unidade Local de Saúde da Região de Aveiro, E. P. E.",ULS,Integrated,2024.0,"Unidade Local de Saúde da Região de Aveiro, E. P. E.",Current ULS entity (post-2024)
"Unidade Local de Saúde de Matosinhos, E. P. E.",ULS,Integrated,2024.0,"Unidade Local de Saúde de Matosinhos, E. P. E.",Current ULS entity (post-2024)
"Unidade Local de Saúde da Região de Leiria, E. P. E.",ULS,Integrated,2024.0,"Unidade Local de Saúde da Região de Leiria, E. P. E.",Current ULS entity (post-2024)
"Unidade Local de Saúde do Litoral Alentejano, E. P. E.",ULS,Integrated,2024.0,"Unidade Local de Saúde do Litoral Alentejano, E. P. E.",Current ULS entity (post-2024)
"Unidade Local de Saúde do Alto Alentejo, E. P. E.",ULS,Integrated,2024.0,"Unidade Local de Saúde do Alto Alentejo, E. P. E.",Current ULS entity (post-2024)
"Unidade Local de Saúde da Arrábida, EPE",ULS,Integrated,2024.0,"Unidade Local de Saúde da Arrábida, EPE",Current ULS entity (post-2024)
"Unidade Local de Saúde de Amadora/Sintra, EPE",ULS,Integrated,2024.0,"Unidade Local de Saúde de Amadora/Sintra, EPE",Current ULS entity (post-2024)
"Unidade Local de Saúde Castelo Branco, EPE",ULS,Integrated,2024.0,"Unidade Local de Saúde Castelo Branco, EPE",Current ULS entity (post-2024)
"Unidade Local de Saúde do Arco Ribeirinho, EPE",ULS,Integrated,2024.0,"Unidade Local de Saúde do Arco Ribeirinho, EPE",Current ULS entity (post-2024)
"Unidade Local de Saúde de Castelo Branco, E.P.E.",ULS,Integrated,2024.0,"Unidade Local de Saúde de Castelo Branco, E.P.E.",Current ULS entity (post-2024)
"Unidade Local de Saúde do Arco Ribeirinho, E.P.E.",ULS,Integrated,2024.0,"Unidade Local de Saúde do Arco Ribeirinho, E.P.E.",Current ULS entity (post-2024)
"Unidade Local de Saúde de Gaia / Espinho, E.P.E.",ULS,Integrated,2024.0,"Unidade Local de Saúde de Gaia / Espinho, E.P.E.",Current ULS entity (post-2024)
"Unidade Local de Saúde de Braga, EPE",ULS,Integrated,2024.0,"Unidade Local de Saúde de Braga, EPE",Current ULS entity (post-2024)
"Unidade Local de Saúde do Tâmega e Sousa, E. P. E.",ULS,Integrated,2024.0,"Unidade Local de Saúde do Tâmega e Sousa, E. P. E.",Current ULS entity (post-2024)
"Unidade Local de Saúde da Cova da Beira, EPE",ULS,Integrated,2024.0,"Unidade Local de Saúde da Cova da Beira, EPE",Current ULS entity (post-2024)
"Unidade Local de Saúde de Santo António, E. P. E.",ULS,Integrated,2024.0,"Unidade Local de Saúde de Santo António, E. P. E.",Current ULS entity (post-2024)
"Unidade Local de Saúde de Lisboa Ocidental, EPE",ULS,Integrated,2024.0,"Unidade Local de Saúde de Lisboa Ocidental, EPE",Current ULS entity (post-2024)
"Unidade Local de Saúde do Litoral Alentejano, EPE",ULS,Integrated,2024.0,"Unidade Local de Saúde do Litoral Alentejano, EPE",Current ULS entity (post-2024)
"Unidade Local de Saúde do Alto Minho, EPE",ULS,Integrated,2024.0,"Unidade Local de Saúde do Alto Minho, EPE",Current ULS entity (post-2024)
"Unidade Local de Saúde de Entre Douro e Vouga, E. P. E.",ULS,Integrated,2024.0,"Unidade Local de Saúde de Entre Douro e Vouga, E. P. E.",Current ULS entity (post-2024)
"Unidade Local de Saúde do Baixo Alentejo, E.P.E.",ULS,Integrated,2024.0,"Unidade Local de Saúde do Baixo Alentejo, E.P.E.",Current ULS entity (post-2024)
"Unidade Local de Saúde da Arrábida, E.P.E.",ULS,Integrated,2024.0,"Unidade Local de Saúde da Arrábida, E.P.E.",Current ULS entity (post-2024)
"Unidade Local de Saúde da Região de Aveiro, E.P.E.",ULS,Integrated,2024.0,"Unidade Local de Saúde da Região de Aveiro, E.P.E.",Current ULS entity (post-2024)
"Unidade Local de Saúde de São João, E.P.E.",ULS,Integrated,2024.0,"Unidade Local de Saúde de São João, E.P.E.",Current ULS entity (post-2024)
"Unidade Local de Saúde do Baixo Alentejo, E. P. E.",ULS,Integrated,2024.0,"Unidade Local de Saúde do Baixo Alentejo, E. P. E.",Current ULS entity (post-2024)
"Unidade Local de Saúde do Alentejo Central, E. P. E.",ULS,Integrated,2024.0,"Unidade Local de Saúde do Alentejo Central, E. P. E.",Current ULS entity (post-2024)
"Unidade Local de Saúde da Região de Aveiro, EPE",ULS,Integrated,2024.0,"Unidade Local de Saúde da Região de Aveiro, EPE",Current ULS entity (post-2024)
"Unidade Local de Saúde do Baixo Alentejo, EPE",ULS,Integrated,2024.0,"Unidade Local de Saúde do Baixo Alentejo, EPE",Current ULS entity (post-2024)
"Unidade Local de Saúde do Alto Ave, EPE",ULS,Integrated,2024.0,"Unidade Local de Saúde do Alto Ave, EPE",Current ULS entity (post-2024)
"Unidade Local de Saúde do Médio Tejo, E.P.E.",ULS,Integrated,2024.0,"Unidade Local de Saúde do Médio Tejo, E.P.E.",Current ULS entity (post-2024)
"Unidade Local de Saúde de Loures-Odivelas, EPE",ULS,Integrated,2024.0,"Unidade Local de Saúde de Loures-Odivelas, EPE",Current ULS entity (post-2024)
"Unidade Local de Saúde de Barcelos/Esposende, EPE",ULS,Integrated,2024.0,"Unidade Local de Saúde de Barcelos/Esposende, EPE",Current ULS entity (post-2024)
"Unidade Local de Saúde de Braga, E. P. E.",ULS,Integrated,2024.0,"Unidade Local de Saúde de Braga, E. P. E.",Current ULS entity (post-2024)
"Unidade Local de Saúde de Amadora / Sintra, E.P.E.",ULS,Integrated,2024.0,"Unidade Local de Saúde de Amadora / Sintra, E.P.E.",Current ULS entity (post-2024)
"Unidade Local de Saúde Alto Minho, E. P. E.",ULS,Integrated,2024.0,"Unidade Local de Saúde Alto Minho, E. P. E.",Current ULS entity (post-2024)
"Unidade Local de Saúde da Guarda, E. P. E.",ULS,Integrated,2024.0,"Unidade Local de Saúde da Guarda, E. P. E.",Current ULS entity (post-2024)
"Unidade Local de Saúde da Lezíria, EPE",ULS,Integrated,2024.0,"Unidade Local de Saúde da Lezíria, EPE",Current ULS entity (post-2024)
"Unidade Local de Saúde da Guarda, EPE",ULS,Integrated,2024.0,"Unidade Local de Saúde da Guarda, EPE",Current ULS entity (post-2024)
"UNIDADE LOCAL DE SAUDE DO NORDESTE, EPE",ULS,Integrated,2024.0,"UNIDADE LOCAL DE SAUDE DO NORDESTE, EPE",Current ULS entity (post-2024)
"UNIDADE LOCAL DE SAÚDE DA GUARDA, EPE",ULS,Integrated,2024.0,"UNIDADE LOCAL DE SAÚDE DA GUARDA, EPE",Current ULS entity (post-2024)
"Unidade Local de Saúde de Loures / Odivelas, E.P.E.",ULS,Integrated,2024.0,"Unidade Local de Saúde de Loures / Odivelas, E.P.E.",Current ULS entity (post-2024)
"UNIDADE LOCAL DE SAUDE DO LITORAL ALENTEJANO, EPE",ULS,Integrated,2024.0,"UNIDADE LOCAL DE SAUDE DO LITORAL ALENTEJANO, EPE",Current ULS entity (post-2024)
"Unidade Local de Saúde da Guarda, E.P.E.",ULS,Integrated,2024.0,"Unidade Local de Saúde da Guarda, E.P.E.",Current ULS entity (post-2024)
"Unidade Local de Saúde do Baixo Mondego, EPE",ULS,Integrated,2024.0,"Unidade Local de Saúde do Baixo Mondego, EPE",Current ULS entity (post-2024)
"Unidade Local de Saúde da Arrábida, E. P. E.",ULS,Integrated,2024.0,"Unidade Local de Saúde da Arrábida, E. P. E.",Current ULS entity (post-2024)
"Unidade Local de Saúde de Matosinhos, E.P.E.",ULS,Integrated,2024.0,"Unidade Local de Saúde de Matosinhos, E.P.E.",Current ULS entity (post-2024)
"Unidade Local de Saúde do Alto Minho, E. P. E.",ULS,Integrated,2024.0,"Unidade Local de Saúde do Alto Minho, E. P. E.",Current ULS entity (post-2024)
"Unidade Local de Saúde de Santa Maria, E. P. E.",ULS,Integrated,2024.0,"Unidade Local de Saúde de Santa Maria, E. P. E.",Current ULS entity (post-2024)
"Unidade Local de Saúde do Baixo Mondego, E.P.E.",ULS,Integrated,2024.0,"Unidade Local de Saúde do Baixo Mondego, E.P.E.",Current ULS entity (post-2024)
"Unidade Local de Saúde do Médio Tejo, EPE",ULS,Integrated,2024.0,"Unidade Local de Saúde do Médio Tejo, EPE",Current ULS entity (post-2024)
"Unidade Local de Saúde de Almada / Seixal, E.P.E.",ULS,Integrated,2024.0,"Unidade Local de Saúde de Almada / Seixal, E.P.E.",Current ULS entity (post-2024)
"Unidade Local de Saúde da Cova da Beira, E.P.E.",ULS,Integrated,2024.0,"Unidade Local de Saúde da Cova da Beira, E.P.E.",Current ULS entity (post-2024)
"Unidade Local de Saúde do Oeste, E. P. E.",ULS,Integrated,2024.0,"Unidade Local de Saúde do Oeste, E. P. E.",Current ULS entity (post-2024)
"Unidade Local de Saúde de Entre Douro e Vouga, EPE",ULS,Integrated,2024.0,"Unidade Local de Saúde de Entre Douro e Vouga, EPE",Current ULS entity (post-2024)
"Unidade Local de Saúde do Oeste, E.P.E.",ULS,Integrated,2024.0,"Unidade Local de Saúde do Oeste, E.P.E.",Current ULS entity (post-2024)
"Unidade Local de Saúde da Cova da Beira, E. P. E.",ULS,Integrated,2024.0,"Unidade Local de Saúde da Cova da Beira, E. P. E.",Current ULS entity (post-2024)
"Unidade Local de Saúde de Trás-os-Montes e Alto Douro, E. P. E.",ULS,Integrated,2024.0,"Unidade Local de Saúde de Trás-os-Montes e Alto Douro, E. P. E.",Current ULS entity (post-2024)
"Unidade Local de Saúde do Alto Ave, E. P. E.",ULS,Integrated,2024.0,"Unidade Local de Saúde do Alto Ave, E. P. E.",Current ULS entity (post-2024)
"Unidade Local de Saúde do Alto Alentejo, E.P.E.",ULS,Integrated,2024.0,"Unidade Local de Saúde do Alto Alentejo, E.P.E.",Current ULS entity (post-2024)
"Unidade Local de Saúde do Alto Minho, E.P.E.",ULS,Integrated,2024.0,"Unidade Local de Saúde do Alto Minho, E.P.E.",Current ULS entity (post-2024)
"Unidade Local de Saúde de Trás-os-Montes e Alto Douro, EPE",ULS,Integrated,2024.0,"Unidade Local de Saúde de Trás-os-Montes e Alto Douro, EPE",Current ULS entity (post-2024)
"Unidade Local de Saúde de São José, E.P.E.",ULS,Integrated,2024.0,"Unidade Local de Saúde de São José, E.P.E.",Current ULS entity (post-2024)
"Unidade Local de Saúde do Tâmega e Sousa, E.P.E.",ULS,Integrated,2024.0,"Unidade Local de Saúde do Tâmega e Sousa, E.P.E.",Current ULS entity (post-2024)
"UNIDADE LOCAL DE SAUDE DE CASTELO BRANCO, EPE",ULS,Integrated,2024.0,"UNIDADE LOCAL DE SAUDE DE CASTELO BRANCO, EPE",Current ULS entity (post-2024)
"Unidade Local de Saúde do Alentejo Central, EPE",ULS,Integrated,2024.0,"Unidade Local de Saúde do Alentejo Central, EPE",Current ULS entity (post-2024)
"Unidade Local de Saúde de Almada-Seixal, E. P. E.",ULS,Integrated,2024.0,"Unidade Local de Saúde de Almada-Seixal, E. P. E.",Current ULS entity (post-2024)
"Unidade Local de Saúde de Vila Nova de Gaia/Espinho, EPE",ULS,Integrated,2024.0,"Unidade Local de Saúde de Vila Nova de Gaia/Espinho, EPE",Current ULS entity (post-2024)
"Unidade Local de Saúde de Dão-Lafões, EPE",ULS,Integrated,2024.0,"Unidade Local de Saúde de Dão-Lafões, EPE",Current ULS entity (post-2024)
"Unidade Local de Saúde de Santa Maria, EPE",ULS,Integrated,2024.0,"Unidade Local de Saúde de Santa Maria, EPE",Current ULS entity (post-2024)
"Unidade Local de Saúde do Estuário do Tejo, E.P.E.",ULS,Integrated,2024.0,"Unidade Local de Saúde do Estuário do Tejo, E.P.E.",Current ULS entity (post-2024)
"Unidade Local de Saúde do Médio Ave, E. P. E.",ULS,Integrated,2024.0,"Unidade Local de Saúde do Médio Ave, E. P. E.",Current ULS entity (post-2024)
"Unidade Local de Saúde do Médio Ave, EPE",ULS,Integrated,2024.0,"Unidade Local de Saúde do Médio Ave, EPE",Current ULS entity (post-2024)
"Unidade Local de Saúde de Entre Douro e Vouga, E.P.E.",ULS,Integrated,2024.0,"Unidade Local de Saúde de Entre Douro e Vouga, E.P.E.",Current ULS entity (post-2024)
"Unidade Local de Saúde Póvoa de Varzim/Vila do Conde, E. P. E.",ULS,Integrated,2024.0,"Unidade Local de Saúde Póvoa de Varzim/Vila do Conde, E. P. E.",Current ULS entity (post-2024)
"Unidade Local de Saúde do Estuário do Tejo, EPE",ULS,Integrated,2024.0,"Unidade Local de Saúde do Estuário do Tejo, EPE",Current ULS entity (post-2024)
"Unidade Local de Saúde da Póvoa de Varzim / Vila do Conde, E.P.E.",ULS,Integrated,2024.0,"Unidade Local de Saúde da Póvoa de Varzim / Vila do Conde, E.P.E.",Current ULS entity (post-2024)
"Unidade Local de Saúde de Coimbra, EPE",ULS,Integrated,2024.0,"Unidade Local de Saúde de Coimbra, EPE",Current ULS entity (post-2024)
"Unidade Local de Saúde do Arco Ribeirinho, E. P. E.",ULS,Integrated,2024.0,"Unidade Local de Saúde do Arco Ribeirinho, E. P. E.",Current ULS entity (post-2024)
"Unidade Local de Saúde do Alentejo Central, E.P.E.",ULS,Integrated,2024.0,"Unidade Local de Saúde do Alentejo Central, E.P.E.",Current ULS entity (post-2024)
"Unidade Local de Saúde do Oeste, EPE",ULS,Integrated,2024.0,"Unidade Local de Saúde do Oeste, EPE",Current ULS entity (post-2024)
"Unidade Local de Saúde da Região de Leiria, E.P.E.",ULS,Integrated,2024.0,"Unidade Local de Saúde da Região de Leiria, E.P.E.",Current ULS entity (post-2024)
"Unidade Local de Saúde do Médio Tejo, E. P. E.",ULS,Integrated,2024.0,"Unidade Local de Saúde do Médio Tejo, E. P. E.",Current ULS entity (post-2024)
"Unidade Local de Saúde de São João, EPE",ULS,Integrated,2024.0,"Unidade Local de Saúde de São João, EPE",Current ULS entity (post-2024)
"INSTITUTO PORTUGUES DE ONCOLOGIA DE COIMBRA, EPE",IPO,Independent,,,Instituto Português de Oncologia (specialized cancer center)
"Instituto Português Oncologia  F. Gentil - Porto, E.P.E.",IPO,Independent,,,Instituto Português de Oncologia (specialized cancer center)
"Instituto Português de Oncologia de Coimbra, EPE",IPO,Independent,,,Instituto Português de Oncologia (specialized cancer center)
"INSTITUTO PORTUGUES DE ONCOLOGIA DO PORTO, EPE",IPO,Independent,,,Instituto Português de Oncologia (specialized cancer center)
"Instituto Português de Oncologia do Porto, E. P. E.",IPO,Independent,,,Instituto Português de Oncologia (specialized cancer center)
"Instituto Português Oncologia  F. Gentil - Lisboa, E.P.E.",IPO,Independent,,,Instituto Português de Oncologia (specialized cancer center)
"INSTITUTO PORTUGUES DE ONCOLOGIA DE LISBOA, EPE",IPO,Independent,,,Instituto Português de Oncologia (specialized cancer center)
"Instituto Português Oncologia de Coimbra, EPE",IPO,Independent,,,Instituto Português de Oncologia (specialized cancer center)
"Instituto Português de Oncologia de Lisboa, EPE",IPO,Independent,,,Instituto Português de Oncologia (specialized cancer center)
"Instituto Português Oncologia  F. Gentil - Coimbra, E.P.E.",IPO,Independent,,,Instituto Português de Oncologia (specialized cancer center)
"Instituto Português Oncologia de Lisboa, EPE",IPO,Independent,,,Instituto Português de Oncologia (specialized cancer center)
"Instituto Português Oncologia do Porto, EPE",IPO,Independent,,,Instituto Português de Oncologia (specialized cancer center)
"Instituto Português Oncologia  F. Gentil - Centro, E.P.E.",IPO,Independent,,,Instituto Português de Oncologia (specialized cancer center)
"Instituto Português de Oncologia do Porto, EPE",IPO,Independent,,,Instituto Português de Oncologia (specialized cancer center)
"Instituto Português de Oncologia de Lisboa, E. P. E.",IPO,Independent,,,Instituto Português de Oncologia (specialized cancer center)
"Instituto Português de Oncologia de Coimbra, E. P. E.",IPO,Independent,,,Instituto Português de Oncologia (specialized cancer center)
"Hospital Espírito Santo de Évora, EPE",Hospital/Centro Hospitalar,Unknown,,,Pre-2024 entity - requires manual mapping to parent ULS
"Centro Hospitalar Póvoa de Varzim/Vila do Conde, EPE",Hospital/Centro Hospitalar,Unknown,,,Pre-2024 entity - requires manual mapping to parent ULS
"Centro Hospitalar Universitário do Porto, EPE",Hospital/Centro Hospitalar,Unknown,,,Pre-2024 entity - requires manual mapping to parent ULS
Hospital José Luciano de Castro - Anadia,Hospital/Centro Hospitalar,Unknown,,,Pre-2024 entity - requires manual mapping to parent ULS
"Centro Hospitalar Médio Tejo, EPE",Hospital/Centro Hospitalar,Unknown,,,Pre-2024 entity - requires manual mapping to parent ULS
"Centro Hospitalar Universitário do Porto, E. P. E.",Hospital/Centro Hospitalar,Unknown,,,Pre-2024 entity - requires manual mapping to parent ULS
"Hospital Distrital Santarém, E. P. E.",Hospital/Centro Hospitalar,Unknown,,,Pre-2024 entity - requires manual mapping to parent ULS
"Centro Hospitalar Médio Ave, EPE",Hospital/Centro Hospitalar,Unknown,,,Pre-2024 entity - requires manual mapping to parent ULS
Hospital Dr. Francisco Zagalo - Ovar,Hospital/Centro Hospitalar,Unknown,,,Pre-2024 entity - requires manual mapping to parent ULS
"Centro Hospitalar Médio Ave, E. P. E.",Hospital/Centro Hospitalar,Unknown,,,Pre-2024 entity - requires manual mapping to parent ULS
"Centro Hospitalar Vila Nova Gaia/Espinho, EPE",Hospital/Centro Hospitalar,Unknown,,,Pre-2024 entity - requires manual mapping to parent ULS
Centro Hospitalar Psiquiátrico de Lisboa,Hospital/Centro Hospitalar,Unknown,,,Pre-2024 entity - requires manual mapping to parent ULS
"Centro Hospitalar de Lisboa - Zona Ocidental, EPE",Hospital/Centro Hospitalar,Unknown,,,Pre-2024 entity - requires manual mapping to parent ULS
"Hospital de Magalhães Lemos, E. P. E.",Hospital/Centro Hospitalar,Unknown,,,Pre-2024 entity - requires manual mapping to parent ULS
"Hospital Distrital Figueira da Foz, EPE",Hospital/Centro Hospitalar,Unknown,,,Pre-2024 entity - requires manual mapping to parent ULS
"Hospital Distrital Santarém, EPE",Hospital/Centro Hospitalar,Unknown,,,Pre-2024 entity - requires manual mapping to parent ULS
"Hospital de Braga, E. P. E.",Hospital/Centro Hospitalar,Unknown,,,Pre-2024 entity - requires manual mapping to parent ULS
"Centro Hospitalar Universitário de Lisboa Central, E. P. E.",Hospital/Centro Hospitalar,Unknown,,,Pre-2024 entity - requires manual mapping to parent ULS
"Centro Hospitalar Universitário Cova da Beira, E. P. E.",Hospital/Centro Hospitalar,Unknown,,,Pre-2024 entity - requires manual mapping to parent ULS
"Centro Hospitalar do Médio Ave, EPE",Hospital/Centro Hospitalar,Unknown,,,Pre-2024 entity - requires manual mapping to parent ULS
"Centro Hospitalar Barreiro/Montijo, EPE",Hospital/Centro Hospitalar,Unknown,,,Pre-2024 entity - requires manual mapping to parent ULS
"Centro Hospitalar do Barreiro - Montijo, EPE",Hospital/Centro Hospitalar,Unknown,,,Pre-2024 entity - requires manual mapping to parent ULS
"Centro Hospitalar Universitário de São João, E. P. E.",Hospital/Centro Hospitalar,Unknown,,,Pre-2024 entity - requires manual mapping to parent ULS
"Centro Hospitalar Trás-os-Montes e Alto Douro, E. P. E.",Hospital/Centro Hospitalar,Unknown,,,Pre-2024 entity - requires manual mapping to parent ULS
"Centro Hospitalar do Oeste, E. P. E.",Hospital/Centro Hospitalar,Unknown,,,Pre-2024 entity - requires manual mapping to parent ULS
"Hospital Garcia de Orta, EPE",Hospital/Centro Hospitalar,Unknown,,,Pre-2024 entity - requires manual mapping to parent ULS
"Centro Hospitalar Entre Douro e Vouga, EPE",Hospital/Centro Hospitalar,Unknown,,,Pre-2024 entity - requires manual mapping to parent ULS
"Centro Hospitalar de Leiria, E. P. E.",Hospital/Centro Hospitalar,Unknown,,,Pre-2024 entity - requires manual mapping to parent ULS
"Centro Hospitalar Universitário do Algarve,EPE",Hospital/Centro Hospitalar,Unknown,,,Pre-2024 entity - requires manual mapping to parent ULS
"Centro Hospitalar e Universitário de Coimbra, E. P. E.",Hospital/Centro Hospitalar,Unknown,,,Pre-2024 entity - requires manual mapping to parent ULS
"Hospital de Loures, E. P. E.",Hospital/Centro Hospitalar,Unknown,,,Pre-2024 entity - requires manual mapping to parent ULS
"Centro Hospitalar Tondela-Viseu, E. P. E.",Hospital/Centro Hospitalar,Unknown,,,Pre-2024 entity - requires manual mapping to parent ULS
"Hospital Espírito Santo de Évora, E. P. E.",Hospital/Centro Hospitalar,Unknown,,,Pre-2024 entity - requires manual mapping to parent ULS
"Centro Hospitalar Vila Nova de Gaia/Espinho, EPE",Hospital/Centro Hospitalar,Unknown,,,Pre-2024 entity - requires manual mapping to parent ULS
"Centro Hospitalar Universitário do Algarve, E.P.E",Hospital/Centro Hospitalar,Unknown,,,Pre-2024 entity - requires manual mapping to parent ULS
"Hospital Garcia de Orta, EPE - Almada",Hospital/Centro Hospitalar,Unknown,,,Pre-2024 entity - requires manual mapping to parent ULS
"Centro Hospitalar Tondela-Viseu, EPE",Hospital/Centro Hospitalar,Unknown,,,Pre-2024 entity - requires manual mapping to parent ULS
"Hospital de Cascais, PPP",Hospital/Centro Hospitalar,Unknown,,,Pre-2024 entity - requires manual mapping to parent ULS
"Centro Hospitalar Universitário de Lisboa Central, EPE",Hospital/Centro Hospitalar,Unknown,,,Pre-2024 entity - requires manual mapping to parent ULS
"Hospital Distrital de Santarém, EPE",Hospital/Centro Hospitalar,Unknown,,,Pre-2024 entity - requires manual mapping to parent ULS
Hospital Arcebispo João Crisóstomo - Cantanhede,Hospital/Centro Hospitalar,Unknown,,,Pre-2024 entity - requires manual mapping to parent ULS
"Centro Hospitalar de Lisboa Ocidental, EPE",Hospital/Centro Hospitalar,Unknown,,,Pre-2024 entity - requires manual mapping to parent ULS
"Centro Hospitalar Universitário de Santo António, E. P. E.",Hospital/Centro Hospitalar,Unknown,,,Pre-2024 entity - requires manual mapping to parent ULS
Hospital Rovisco Pais,Hospital/Centro Hospitalar,Unknown,,,Pre-2024 entity - requires manual mapping to parent ULS
"Centro Hospitalar do Tâmega e Sousa, E. P. E.",Hospital/Centro Hospitalar,Unknown,,,Pre-2024 entity - requires manual mapping to parent ULS
"Hospital de Loures, EPE",Hospital/Centro Hospitalar,Unknown,,,Pre-2024 entity - requires manual mapping to parent ULS
"Hospital Distrital S.Maria Maior, E. P. E. - Barcelos",Hospital/Centro Hospitalar,Unknown,,,Pre-2024 entity - requires manual mapping to parent ULS
"Hospital Santa Maria Maior, EPE",Hospital/Centro Hospitalar,Unknown,,,Pre-2024 entity - requires manual mapping to parent ULS
"Centro Hospitalar Póvoa Varzim / Vila do Conde, EPE",Hospital/Centro Hospitalar,Unknown,,,Pre-2024 entity - requires manual mapping to parent ULS
"Centro Hospitalar do Baixo Vouga, E. P. E.",Hospital/Centro Hospitalar,Unknown,,,Pre-2024 entity - requires manual mapping to parent ULS
Hospital Dr. Francisco Zagalo,Hospital/Centro Hospitalar,Unknown,,,Pre-2024 entity - requires manual mapping to parent ULS
"Centro Hospitalar de Entre o Douro e Vouga, E. P. E.",Hospital/Centro Hospitalar,Unknown,,,Pre-2024 entity - requires manual mapping to parent ULS
"Centro Hospitalar de Setúbal, EPE",Hospital/Centro Hospitalar,Unknown,,,Pre-2024 entity - requires manual mapping to parent ULS
"Centro Hospitalar do Alto Ave, EPE",Hospital/Centro Hospitalar,Unknown,,,Pre-2024 entity - requires manual mapping to parent ULS
"Hospital de Vila Franca de Xira, PPP",Hospital/Centro Hospitalar,Unknown,,,Pre-2024 entity - requires manual mapping to parent ULS
"Hospital Distrital S.Maria Maior, EPE - Barcelos",Hospital/Centro Hospitalar,Unknown,,,Pre-2024 entity - requires manual mapping to parent ULS
"Hospital de Braga, PPP",Hospital/Centro Hospitalar,Unknown,,,Pre-2024 entity - requires manual mapping to parent ULS
"Centro Hospitalar Universitário de São João, EPE",Hospital/Centro Hospitalar,Unknown,,,Pre-2024 entity - requires manual mapping to parent ULS
"Hospital de Vila Franca de Xira, E. P. E.",Hospital/Centro Hospitalar,Unknown,,,Pre-2024 entity - requires manual mapping to parent ULS
"Hospital de Vila Franca de Xira, EPE",Hospital/Centro Hospitalar,Unknown,,,Pre-2024 entity - requires manual mapping to parent ULS
Hospital Arcebispo João Crisóstomo,Hospital/Centro Hospitalar,Unknown,,,Pre-2024 entity - requires manual mapping to parent ULS
"Centro Hospitalar de Entre o Douro e Vouga, EPE",Hospital/Centro Hospitalar,Unknown,,,Pre-2024 entity - requires manual mapping to parent ULS
"Centro Hospitalar do Tâmega e Sousa, EPE",Hospital/Centro Hospitalar,Unknown,,,Pre-2024 entity - requires manual mapping to parent ULS
"Hospital Professor Doutor Fernando Fonseca, EPE",Hospital/Centro Hospitalar,Unknown,,,Pre-2024 entity - requires manual mapping to parent ULS
"Hospital Distrital Figueira da Foz, E. P. E.",Hospital/Centro Hospitalar,Unknown,,,Pre-2024 entity - requires manual mapping to parent ULS
"Centro Hospitalar de Leiria, EPE",Hospital/Centro Hospitalar,Unknown,,,Pre-2024 entity - requires manual mapping to parent ULS
"Hospital Fernando Fonseca, EPE",Hospital/Centro Hospitalar,Unknown,,,Pre-2024 entity - requires manual mapping to parent ULS
"Hospital de Loures, PPP",Hospital/Centro Hospitalar,Unknown,,,Pre-2024 entity - requires manual mapping to parent ULS
"Hospital Fernando Fonseca, E. P. E.",Hospital/Centro Hospitalar,Unknown,,,Pre-2024 entity - requires manual mapping to parent ULS
"Hospital da Senhora da Oliveira Guimarães, EPE",Hospital/Centro Hospitalar,Unknown,,,Pre-2024 entity - requires manual mapping to parent ULS
"Centro Hospitalar Universitário Lisboa Norte, EPE",Hospital/Centro Hospitalar,Unknown,,,Pre-2024 entity - requires manual mapping to parent ULS
"Hospital Distrital da Figueira da Foz, EPE",Hospital/Centro Hospitalar,Unknown,,,Pre-2024 entity - requires manual mapping to parent ULS
"Centro Hospitalar Universitário de Santo António, EPE",Hospital/Centro Hospitalar,Unknown,,,Pre-2024 entity - requires manual mapping to parent ULS
"Centro Hospitalar do Oeste, EPE",Hospital/Centro Hospitalar,Unknown,,,Pre-2024 entity - requires manual mapping to parent ULS
"Centro Hospitalar do Baixo Vouga, EPE",Hospital/Centro Hospitalar,Unknown,,,Pre-2024 entity - requires manual mapping to parent ULS
"Centro Hospitalar Tâmega e Sousa, EPE",Hospital/Centro Hospitalar,Unknown,,,Pre-2024 entity - requires manual mapping to parent ULS
"Centro Hospitalar e Universitário de Coimbra, EPE",Hospital/Centro Hospitalar,Unknown,,,Pre-2024 entity - requires manual mapping to parent ULS
"Centro Hospitalar Trás-os-Montes e Alto Douro, EPE",Hospital/Centro Hospitalar,Unknown,,,Pre-2024 entity - requires manual mapping to parent ULS
"Centro Hospitalar Psiquiátrico de Lisboa, SPA",Hospital/Centro Hospitalar,Unknown,,,Pre-2024 entity - requires manual mapping to parent ULS
"Centro Hospitalar Vila Nova Gaia/Espinho, E. P. E.",Hospital/Centro Hospitalar,Unknown,,,Pre-2024 entity - requires manual mapping to parent ULS
"Centro Hospitalar Universitário Cova da Beira, EPE",Hospital/Centro Hospitalar,Unknown,,,Pre-2024 entity - requires manual mapping to parent ULS
"Centro Hospitalar Universitário Lisboa Norte, E. P. E.",Hospital/Centro Hospitalar,Unknown,,,Pre-2024 entity - requires manual mapping to parent ULS
"Centro Hospitalar Médio Tejo, E. P. E.",Hospital/Centro Hospitalar,Unknown,,,Pre-2024 entity - requires manual mapping to parent ULS
"Centro Hospitalar de Setúbal, E. P. E.",Hospital/Centro Hospitalar,Unknown,,,Pre-2024 entity - requires manual mapping to parent ULS
Hospital de Cascais Dr. José de Almeida,Hospital/Centro Hospitalar,Unknown,,,Pre-2024 entity - requires manual mapping to parent ULS
"Hospital da Senhora da Oliveira, Guimarães, EPE",Hospital/Centro Hospitalar,Unknown,,,Pre-2024 entity - requires manual mapping to parent ULS
"Centro Hospitalar de Lisboa - Zona Ocidental, E. P. E.",Hospital/Centro Hospitalar,Unknown,,,Pre-2024 entity - requires manual mapping to parent ULS
"Hospital Garcia de Orta, E. P. E. - Almada",Hospital/Centro Hospitalar,Unknown,,,Pre-2024 entity - requires manual mapping to parent ULS
"Centro Hospitalar do Barreiro - Montijo, E. P. E.",Hospital/Centro Hospitalar,Unknown,,,Pre-2024 entity - requires manual mapping to parent ULS
"Hospital da Senhora da Oliveira Guimarães, E. P. E.",Hospital/Centro Hospitalar,Unknown,,,Pre-2024 entity - requires manual mapping to parent ULS
"Hospital de Braga, EPE",Hospital/Centro Hospitalar,Unknown,,,Pre-2024 entity - requires manual mapping to parent ULS
"Hospital de Magalhães Lemos, EPE",Hospital/Centro Hospitalar,Unknown,,,Pre-2024 entity - requires manual mapping to parent ULS
"Centro Hospitalar do Oeste, SPA",Hospital/Centro Hospitalar,Unknown,,,Pre-2024 entity - requires manual mapping to parent ULS
"Centro Hospitalar Póvoa Varzim / Vila do Conde, E. P. E.",Hospital/Centro Hospitalar,Unknown,,,Pre-2024 entity - requires manual mapping to parent ULS
"Centro Hospitalar Universitário Lisboa Central, EPE",Hospital/Centro Hospitalar,Unknown,,,Pre-2024 entity - requires manual mapping to parent ULS
Administração Regional de Saúde do Algarve,Administrative,N/A,,,Administrative entity (not clinical)
Instituto Nacional de Emergência Médica,Administrative,N/A,,,Administrative entity (not clinical)
"Administração Central do Sistema de Saúde, I.P",Administrative,N/A,,,Administrative entity (not clinical)
Administração Regional de Saúde do Alentejo,Administrative,N/A,,,Administrative entity (not clinical)
"UNIDADE LOCAL DO BAIXO ALENTEJO, EPE",Administrative,N/A,,,Administrative entity (not clinical)
Instituto de Oftalmologia Dr. Gama Pinto,Administrative,N/A,,,Administrative entity (not clinical)
"Instituto Português Do Sangue e Da Transplantação, IP",Administrative,N/A,,,Administrative entity (not clinical)
Instituto Nacional Saúde Dr. Ricardo Jorge - Lisboa,Administrative,N/A,,,Administrative entity (not clinical)
"Instituto para os Comportamentos Aditivos e as DE. P. E.ndências, I. P.",Administrative,N/A,,,Administrative entity (not clinical)
Administração Regional de Saúde de Lisboa e Vale do Tejo,Administrative,N/A,,,Administrative entity (not clinical)
Administração Regional de Saúde do Norte,Administrative,N/A,,,Administrative entity (not clinical)
Administração Regional de Saúde do Centro,Administrative,N/A,,,Administrative entity (not clinical)
"Direção Executiva do Serviço Nacional de Saúde, I.P.",Administrative,N/A,,,Administrative entity (not clinical)
