id,entity_name
1,"Administracao Regional Saúde Norte, I.P."
2,"Administração Central do Sistema de Saúde, I.P"
3,"Administração Central do Sistema de Saúde, I.P."
4,"Administração Regional De Saúde Do Alentejo, I.P."
5,"Administração Regional De Saúde Do Algarve, I.P."
6,"Administração Regional De Saúde Do Centro, I.P."
7,"Administração Regional Saúde Lisboa Vale Tejo, I.P."
8,"Administração Regional Saúde Norte, I.P."
9,Administração Regional de Saúde de Lisboa e Vale do Tejo
10,"Administração Regional de Saúde de Lisboa e Vale do Tejo, I.P."
11,Administração Regional de Saúde do Alentejo
12,"Administração Regional de Saúde do Alentejo, I.P."
13,Administração Regional de Saúde do Algarve
14,"Administração Regional de Saúde do Algarve, I.P."
15,Administração Regional de Saúde do Centro
16,"Administração Regional de Saúde do Centro, I.P."
17,Administração Regional de Saúde do Norte
18,"Administração Regional de Saúde do Norte, I.P."
19,"Autoridade Nac. Medicamento Produtos De Saúde, I.P."
20,"Autoridade Nacional Medicamento Produtos de Saúde, I.P."
21,Ação Governativa
22,Ação Governativa - MS
23,"CENTRO HOSP. UNIVERSITÁRIO SANTO ANTÓNIO, E.P.E."
24,"Centro Hospitalar Alto Ave, E. P. E."
25,"Centro Hospitalar Barreiro Montijo, E.P.E."
26,"Centro Hospitalar Barreiro/Montijo, E.P.E."
27,"Centro Hospitalar Barreiro/Montijo, EPE"
28,"Centro Hospitalar Cova da Beira, EPE"
29,"Centro Hospitalar Entre Douro e Vouga, E.P.E."
30,"Centro Hospitalar Entre Douro e Vouga, EPE"
31,"Centro Hospitalar Lisboa Norte, EPE"
32,"Centro Hospitalar Médio Ave, E. P. E."
33,"Centro Hospitalar Médio Ave, EPE"
34,"Centro Hospitalar Médio Tejo, E. P. E."
35,"Centro Hospitalar Médio Tejo, E.P.E."
36,"Centro Hospitalar Médio Tejo, EPE"
37,Centro Hospitalar Psiquiátrico de Lisboa
38,"Centro Hospitalar Psiquiátrico de Lisboa, SPA"
39,"Centro Hospitalar Póvoa Varzim / Vila do Conde, E. P. E."
40,"Centro Hospitalar Póvoa Varzim / Vila do Conde, EPE"
41,"Centro Hospitalar Póvoa de Varzim/Vila do Conde, E.P.E."
42,"Centro Hospitalar Póvoa de Varzim/Vila do Conde, EPE"
43,"Centro Hospitalar Tondela-Viseu, E. P. E."
44,"Centro Hospitalar Tondela-Viseu, E.P.E."
45,"Centro Hospitalar Tondela-Viseu, EPE"
46,"Centro Hospitalar Trás-os-Montes e Alto Douro, E. P. E."
47,"Centro Hospitalar Trás-os-Montes e Alto Douro, E.P.E."
48,"Centro Hospitalar Trás-os-Montes e Alto Douro, EPE"
49,"Centro Hospitalar Tâmega e Sousa, E.P.E."
50,"Centro Hospitalar Tâmega e Sousa, EPE"
51,"Centro Hospitalar Universitário Cova da Beira, E. P. E."
52,"Centro Hospitalar Universitário Cova da Beira, E.P.E."
53,"Centro Hospitalar Universitário Cova da Beira, EPE"
54,"Centro Hospitalar Universitário Lisboa Central, E.P.E."
55,"Centro Hospitalar Universitário Lisboa Central, EPE"
56,"Centro Hospitalar Universitário Lisboa Norte, E. P. E."
57,"Centro Hospitalar Universitário Lisboa Norte, EPE"
58,"Centro Hospitalar Universitário de Lisboa Central, E. P. E."
59,"Centro Hospitalar Universitário de Lisboa Central, E.P.E."
60,"Centro Hospitalar Universitário de Lisboa Central, EPE"
61,"Centro Hospitalar Universitário de Lisboa Norte, E.P.E."
62,"Centro Hospitalar Universitário de Lisboa Norte, EPE"
63,"Centro Hospitalar Universitário de S. João, E.P.E."
64,"Centro Hospitalar Universitário de Santo António, E. P. E."
65,"Centro Hospitalar Universitário de Santo António, E.P.E."
66,"Centro Hospitalar Universitário de Santo António, EPE"
67,"Centro Hospitalar Universitário de São João, E. P. E."
68,"Centro Hospitalar Universitário de São João, E.P.E."
69,"Centro Hospitalar Universitário de São João, EPE"
70,Centro Hospitalar Universitário do Algarve
71,"Centro Hospitalar Universitário do Algarve, E.P.E"
72,"Centro Hospitalar Universitário do Algarve, E.P.E."
73,"Centro Hospitalar Universitário do Algarve,EPE"
74,"Centro Hospitalar Universitário do Porto, E. P. E."
75,"Centro Hospitalar Universitário do Porto, E.P.E."
76,"Centro Hospitalar Universitário do Porto, EPE"
77,"Centro Hospitalar Vila Nova Gaia/Espinho, E. P. E."
78,"Centro Hospitalar Vila Nova Gaia/Espinho, EPE"
79,"Centro Hospitalar Vila Nova de Gaia/Espinho, E.P.E."
80,"Centro Hospitalar Vila Nova de Gaia/Espinho, EPE"
81,"Centro Hospitalar de Entre o Douro e Vouga, E. P. E."
82,"Centro Hospitalar de Entre o Douro e Vouga, E.P.E."
83,"Centro Hospitalar de Entre o Douro e Vouga, EPE"
84,"Centro Hospitalar de Leiria, E. P. E."
85,"Centro Hospitalar de Leiria, E.P.E."
86,"Centro Hospitalar de Leiria, EPE"
87,"Centro Hospitalar de Lisboa - Zona Ocidental, E. P. E."
88,"Centro Hospitalar de Lisboa - Zona Ocidental, EPE"
89,"Centro Hospitalar de Lisboa Central, EPE"
90,"Centro Hospitalar de Lisboa Ocidental, E.P.E."
91,"Centro Hospitalar de Lisboa Ocidental, EPE"
92,"Centro Hospitalar de Setúbal, E. P. E."
93,"Centro Hospitalar de Setúbal, E.P.E."
94,"Centro Hospitalar de Setúbal, EPE"
95,"Centro Hospitalar de São João, EPE"
96,"Centro Hospitalar de Trás-os-Montes e Alto Douro, E.P.E."
97,"Centro Hospitalar de Vila Nova de Gaia/Espinho, E.P.E."
98,"Centro Hospitalar do Alto Ave, EPE"
99,"Centro Hospitalar do Baixo Vouga, E. P. E."
100,"Centro Hospitalar do Baixo Vouga, E.P.E."
101,"Centro Hospitalar do Baixo Vouga, EPE"
102,"Centro Hospitalar do Barreiro - Montijo, E. P. E."
103,"Centro Hospitalar do Barreiro - Montijo, EPE"
104,"Centro Hospitalar do Médio Ave, E.P.E."
105,"Centro Hospitalar do Médio Ave, EPE"
106,"Centro Hospitalar do Médio Tejo, E.P.E."
107,Centro Hospitalar do Oeste
108,"Centro Hospitalar do Oeste, E. P. E."
109,"Centro Hospitalar do Oeste, E.P.E."
110,"Centro Hospitalar do Oeste, EPE"
111,"Centro Hospitalar do Oeste, SPA"
112,"Centro Hospitalar do Porto, EPE"
113,"Centro Hospitalar do Tâmega e Sousa, E. P. E."
114,"Centro Hospitalar do Tâmega e Sousa, E.P.E."
115,"Centro Hospitalar do Tâmega e Sousa, EPE"
116,"Centro Hospitalar e Universitário de Coimbra, E. P. E."
117,"Centro Hospitalar e Universitário de Coimbra, E.P.E."
118,"Centro Hospitalar e Universitário de Coimbra, EPE"
119,Centro Medicina de Reabilitação da Região Centro - Rovisco Pais
120,Centro Medicina de Reabilitação da Região Centro Rovisco Pais
121,"DIREÇÃO EXECUTIVA DO SERVIÇO NACIONAL DE SAÚDE,I.P"
122,"DIREÇÃO EXECUTIVA DO SNS, I.P."
123,"Direção Executiva do SNS, I.P."
124,"Direção Executiva do Serviço Nacional de Saúde, I.P."
125,Direção-Geral da Saúde
126,"HOSPITAL DE LOURES, E.P.E."
127,Hospital Arcebispo João Crisóstomo
128,Hospital Arcebispo João Crisóstomo - Cantanhede
129,"Hospital Beatriz Ângelo, E.P.E."
130,"Hospital De Vila Franca De Xira, E.P.E."
131,"Hospital Distrital Figueira da Foz, E. P. E."
132,"Hospital Distrital Figueira da Foz, EPE"
133,"Hospital Distrital S.Maria Maior, E. P. E. - Barcelos"
134,"Hospital Distrital S.Maria Maior, EPE - Barcelos"
135,"Hospital Distrital Santarém, E. P. E."
136,"Hospital Distrital Santarém, EPE"
137,"Hospital Distrital da Figueira da Foz, E.P.E."
138,"Hospital Distrital da Figueira da Foz, EPE"
139,"Hospital Distrital de Santarém, E.P.E."
140,"Hospital Distrital de Santarém, EPE"
141,Hospital Doutor Francisco Zagalo - Ovar
142,Hospital Dr. Francisco Zagalo
143,Hospital Dr. Francisco Zagalo - Ovar
144,"Hospital Espírito Santo de Évora, E. P. E."
145,"Hospital Espírito Santo de Évora, E.P.E."
146,"Hospital Espírito Santo de Évora, EPE"
147,"Hospital Fernando Fonseca, E. P. E."
148,"Hospital Fernando Fonseca, EPE"
149,"Hospital Garcia de Orta, E. P. E. - Almada"
150,"Hospital Garcia de Orta, E.P.E."
151,"Hospital Garcia de Orta, EPE"
152,"Hospital Garcia de Orta, EPE - Almada"
153,Hospital José Luciano Castro - Anadia
154,Hospital José Luciano de Castro
155,Hospital José Luciano de Castro - Anadia
156,"Hospital Professor Doutor Fernando Fonseca, E.P.E."
157,"Hospital Professor Doutor Fernando Fonseca, EPE"
158,Hospital Rovisco Pais
159,"Hospital Santa Maria Maior, E.P.E."
160,"Hospital Santa Maria Maior, EPE"
161,"Hospital da Senhora da Oliveira - Guimarães, E.P.E."
162,"Hospital da Senhora da Oliveira Guimarães, E. P. E."
163,"Hospital da Senhora da Oliveira Guimarães, EPE"
164,"Hospital da Senhora da Oliveira, Guimarães, E.P.E."
165,"Hospital da Senhora da Oliveira, Guimarães, EPE"
166,"Hospital de Braga, E. P. E."
167,"Hospital de Braga, E.P.E."
168,"Hospital de Braga, EPE"
169,"Hospital de Braga, PPP"
170,Hospital de Cascais Dr. José de Almeida
171,"Hospital de Cascais, PPP"
172,"Hospital de Loures, E. P. E."
173,"Hospital de Loures, E.P.E."
174,"Hospital de Loures, EPE"
175,"Hospital de Loures, PPP"
176,"Hospital de Magalhães Lemos, E. P. E."
177,"Hospital de Magalhães Lemos, E.P.E."
178,"Hospital de Magalhães Lemos, EPE"
179,"Hospital de Vila Franca de Xira, E. P. E."
180,"Hospital de Vila Franca de Xira, E.P.E."
181,"Hospital de Vila Franca de Xira, EPE"
182,"Hospital de Vila Franca de Xira, PPP"
183,"Hospital do Espírito Santo de Évora, E.P.E."
184,"INSTITUTO PORTUGUES DE ONCOLOGIA DE COIMBRA, EPE"
185,"INSTITUTO PORTUGUES DE ONCOLOGIA DE LISBOA, EPE"
186,"INSTITUTO PORTUGUES DE ONCOLOGIA DO PORTO, EPE"
187,"Infarmed - Autoridade Nacional do Medicamento e Produtos de Saúde, I.P."
188,Inspeção Geral das Actividades da Saúde
189,Inspeção Geral das Atividades da Saúde
190,Inspeção-Geral das Atividades em Saúde
191,"Inst.port.onc.francisco Gentil-Coimbra, E.P.E."
192,"Inst.port.oncologia De Lisboa-franc.gentil, E.P.E."
193,Instituto Gama Pinto
194,Instituto Nacional De Emergência Médica
195,"Instituto Nacional De Saúde Dr Ricardo Jorge, I.P."
196,Instituto Nacional Saúde Dr. Ricardo Jorge - Lisboa
197,Instituto Nacional de Emergência Médica
198,"Instituto Nacional de Emergência Médica, I.P."
199,"Instituto Nacional de Saúde Doutor Ricardo Jorge, I.P."
200,"Instituto Nacional de Saúde Dr. Ricardo Jorge, I.P."
201,"Instituto Para Os Comportamentos Aditivos E As Dependências, I.P."
202,"Instituto Port.oncologia Do Porto, E.P.E."
203,"Instituto Portug. Do Sangue E Da Transplantação,I.P."
204,"Instituto Português Do Sangue e Da Transplantação, IP"
205,"Instituto Português Oncologia  F. Gentil - Centro, E.P.E."
206,"Instituto Português Oncologia  F. Gentil - Coimbra, E.P.E."
207,"Instituto Português Oncologia  F. Gentil - Lisboa, E.P.E."
208,"Instituto Português Oncologia  F. Gentil - Porto, E.P.E."
209,"Instituto Português Oncologia Francisco Gentil - Coimbra, E.P.E."
210,"Instituto Português Oncologia Francisco Gentil - Lisboa, E.P.E."
211,"Instituto Português Oncologia Francisco Gentil - Porto, E.P.E."
212,"Instituto Português Oncologia de Coimbra, E.P.E."
213,"Instituto Português Oncologia de Coimbra, EPE"
214,"Instituto Português Oncologia de Lisboa, E.P.E."
215,"Instituto Português Oncologia de Lisboa, EPE"
216,"Instituto Português Oncologia do Porto, E.P.E."
217,"Instituto Português Oncologia do Porto, EPE"
218,"Instituto Português de Oncologia de Coimbra Francisco Gentil, E.P.E."
219,"Instituto Português de Oncologia de Coimbra, E. P. E."
220,"Instituto Português de Oncologia de Coimbra, EPE"
221,"Instituto Português de Oncologia de Lisboa Francisco Gentil, E.P.E."
222,"Instituto Português de Oncologia de Lisboa, E. P. E."
223,"Instituto Português de Oncologia de Lisboa, EPE"
224,"Instituto Português de Oncologia do Porto Francisco Gentil, E.P.E."
225,"Instituto Português de Oncologia do Porto, E. P. E."
226,"Instituto Português de Oncologia do Porto, EPE"
227,"Instituto Português do Sangue e da Transplantação, I.P."
228,"Instituto Português do Sangue e da Transplantação, IP"
229,Instituto de Oftalmologia Dr. Gama Pinto
230,Instituto de Oftalmologia Gama Pinto
231,"Instituto para os Comportamentos Aditivos e as DE. P. E.ndências, I. P."
232,"Instituto para os Comportamentos Aditivos e as Dependências, I. P."
233,"Instituto para os Comportamentos Aditivos e as Dependências, I.P."
234,Secretaria Geral do Ministério da Saúde
235,Secretaria-Geral do Ministério da Saúde
236,Secretaria-geral Do Ministério Da Saúde
237,Serviço de Intervenção Comportamentos Aditivos e Dependências
238,Serviço de Intervenção nos Comportamentos Aditivos e nas Dependências
239,"Serviços Partilhados Do Ministério Da Saúde, E.P.E."
240,"Serviços Partilhados do Ministério da Saúde, E.P.E."
241,"UNIDADE LOCAL DE SAUDE DE CASTELO BRANCO, EPE"
242,"UNIDADE LOCAL DE SAUDE DO LITORAL ALENTEJANO, EPE"
243,"UNIDADE LOCAL DE SAUDE DO NORDESTE, EPE"
244,"UNIDADE LOCAL DE SAÚDE ALTO MINHO, EPE"
245,"UNIDADE LOCAL DE SAÚDE DA GUARDA, EPE"
246,"UNIDADE LOCAL DE SAÚDE DE AMADORA / SINTRA, E.P.E."
247,"UNIDADE LOCAL DE SAÚDE DE BRAGA, E.P.E."
248,"UNIDADE LOCAL DE SAÚDE DE LOURES / ODIVELAS, E.P.E."
249,"UNIDADE LOCAL DE SAÚDE DE MATOSINHOS, EPE"
250,"UNIDADE LOCAL DE SAÚDE DE SANTO ANTÓNIO, E.P.E."
251,"UNIDADE LOCAL DE SAÚDE DO ESTUÁRIO DO TEJO, E.P.E."
252,"UNIDADE LOCAL DO BAIXO ALENTEJO, EPE"
253,"Unidade Local De Saúde Da Arrábida, E.P.E."
254,"Unidade Local De Saúde Da Cova Da Beira, E.P.E."
255,"Unidade Local De Saúde Da Guarda, E.P.E."
256,"Unidade Local De Saúde Da Lezíria, E.P.E."
257,"Unidade Local De Saúde Da Póvoa De Varzim / Vila Do Conde, E.P.E."
258,"Unidade Local De Saúde Da Região De Aveiro, E.P.E."
259,"Unidade Local De Saúde Da Região De Leiria, E.P.E."
260,"Unidade Local De Saúde De Almada / Seixal, E.P.E."
261,"Unidade Local De Saúde De Amadora / Sintra, E.P.E."
262,"Unidade Local De Saúde De Barcelos / Esposende, E.P.E."
263,"Unidade Local De Saúde De Castelo Branco, E.P.E."
264,"Unidade Local De Saúde De Coimbra, E.P.E."
265,"Unidade Local De Saúde De Entre Douro E Vouga, E.P.E."
266,"Unidade Local De Saúde De Gaia / Espinho, E.P.E."
267,"Unidade Local De Saúde De Lisboa Ocidental, E.P.E."
268,"Unidade Local De Saúde De Santa Maria, E.P.E."
269,"Unidade Local De Saúde De São José, E.P.E."
270,"Unidade Local De Saúde De São João, E.P.E."
271,"Unidade Local De Saúde De Trás-os-montes E Alto Douro, E.P.E."
272,"Unidade Local De Saúde De Viseu Dão-Lafões, E.P.E."
273,"Unidade Local De Saúde Do Alentejo Central, E.P.E."
274,"Unidade Local De Saúde Do Algarve, E.P.E."
275,"Unidade Local De Saúde Do Alto Alentejo, E.P.E."
276,"Unidade Local De Saúde Do Alto Ave, E.P.E."
277,"Unidade Local De Saúde Do Alto Minho, E.P.E."
278,"Unidade Local De Saúde Do Arco Ribeirinho, E.P.E."
279,"Unidade Local De Saúde Do Baixo Alentejo, E.P.E."
280,"Unidade Local De Saúde Do Baixo Mondego, E.P.E."
281,"Unidade Local De Saúde Do Médio Ave, E.P.E."
282,"Unidade Local De Saúde Do Médio Tejo, E.P.E."
283,"Unidade Local De Saúde Do Nordeste, E.P.E."
284,"Unidade Local De Saúde Do Oeste, E.P.E."
285,"Unidade Local De Saúde Do Tâmega E Sousa, E.P.E."
286,"Unidade Local De Saúde Litoral Alentejano, E.P.E."
287,"Unidade Local Saúde De Matosinhos, E.P.E."
288,"Unidade Local de Saúde Alto Minho, E. P. E."
289,"Unidade Local de Saúde Alto Minho, E.P.E."
290,"Unidade Local de Saúde Alto Minho, EPE"
291,"Unidade Local de Saúde Baixo Alentejo, E.P.E."
292,"Unidade Local de Saúde Castelo Branco, E.P.E."
293,"Unidade Local de Saúde Castelo Branco, EPE"
294,"Unidade Local de Saúde Guarda, E.P.E."
295,"Unidade Local de Saúde Litoral Alentejano, E. P. E."
296,"Unidade Local de Saúde Litoral Alentejano, E.P.E."
297,"Unidade Local de Saúde Matosinhos, E.P.E."
298,"Unidade Local de Saúde Nordeste, E.P.E."
299,"Unidade Local de Saúde Norte Alentejano, E.P.E."
300,"Unidade Local de Saúde Póvoa de Varzim/Vila do Conde, E. P. E."
301,"Unidade Local de Saúde da Arrábida, E. P. E."
302,"Unidade Local de Saúde da Arrábida, E.P.E."
303,"Unidade Local de Saúde da Arrábida, EPE"
304,"Unidade Local de Saúde da Cova da Beira, E. P. E."
305,"Unidade Local de Saúde da Cova da Beira, E.P.E."
306,"Unidade Local de Saúde da Cova da Beira, EPE"
307,"Unidade Local de Saúde da Guarda, E. P. E."
308,"Unidade Local de Saúde da Guarda, E.P.E."
309,"Unidade Local de Saúde da Guarda, EPE"
310,"Unidade Local de Saúde da Lezíria, E. P. E"
311,"Unidade Local de Saúde da Lezíria, E.P.E."
312,"Unidade Local de Saúde da Lezíria, EPE"
313,"Unidade Local de Saúde da Póvoa de Varzim / Vila do Conde, E.P.E."
314,"Unidade Local de Saúde da Póvoa de Varzim/Vila do Conde, E.P.E."
315,"Unidade Local de Saúde da Póvoa de Varzim/Vila do Conde, EPE"
316,"Unidade Local de Saúde da Região de Aveiro, E. P. E."
317,"Unidade Local de Saúde da Região de Aveiro, E.P.E."
318,"Unidade Local de Saúde da Região de Aveiro, EPE"
319,"Unidade Local de Saúde da Região de Leiria, E. P. E."
320,"Unidade Local de Saúde da Região de Leiria, E.P.E."
321,"Unidade Local de Saúde da Região de Leiria, EPE"
322,"Unidade Local de Saúde de Almada / Seixal, E.P.E."
323,"Unidade Local de Saúde de Almada-Seixal, E. P. E."
324,"Unidade Local de Saúde de Almada-Seixal, E.P.E."
325,"Unidade Local de Saúde de Almada-Seixal, EPE"
326,"Unidade Local de Saúde de Amadora / Sintra, E.P.E."
327,"Unidade Local de Saúde de Amadora/Sintra, E. P. E."
328,"Unidade Local de Saúde de Amadora/Sintra, E.P.E."
329,"Unidade Local de Saúde de Amadora/Sintra, EPE"
330,"Unidade Local de Saúde de Barcelos / Esposende, E.P.E."
331,"Unidade Local de Saúde de Barcelos/Esposende, E. P. E."
332,"Unidade Local de Saúde de Barcelos/Esposende, E.P.E."
333,"Unidade Local de Saúde de Barcelos/Esposende, EPE"
334,"Unidade Local de Saúde de Braga, E. P. E."
335,"Unidade Local de Saúde de Braga, E.P.E."
336,"Unidade Local de Saúde de Braga, EPE"
337,"Unidade Local de Saúde de Castelo Branco, E. P. E."
338,"Unidade Local de Saúde de Castelo Branco, E.P.E."
339,"Unidade Local de Saúde de Castelo Branco, EPE"
340,"Unidade Local de Saúde de Coimbra, E. P. E."
341,"Unidade Local de Saúde de Coimbra, E.P.E."
342,"Unidade Local de Saúde de Coimbra, EPE"
343,"Unidade Local de Saúde de Dão-Lafões, EPE"
344,"Unidade Local de Saúde de Entre Douro e Vouga, E. P. E."
345,"Unidade Local de Saúde de Entre Douro e Vouga, E.P.E."
346,"Unidade Local de Saúde de Entre Douro e Vouga, EPE"
347,"Unidade Local de Saúde de Gaia / Espinho, E.P.E."
348,"Unidade Local de Saúde de Gaia e Espinho, E.P.E."
349,"Unidade Local de Saúde de Gaia/Espinho, E. P. E."
350,"Unidade Local de Saúde de Lisboa Ocidental, E. P. E."
351,"Unidade Local de Saúde de Lisboa Ocidental, E.P.E."
352,"Unidade Local de Saúde de Lisboa Ocidental, EPE"
353,"Unidade Local de Saúde de Loures / Odivelas, E.P.E."
354,"Unidade Local de Saúde de Loures-Odivelas, E. P. E."
355,"Unidade Local de Saúde de Loures-Odivelas, E.P.E."
356,"Unidade Local de Saúde de Loures-Odivelas, EPE"
357,"Unidade Local de Saúde de Matosinhos, E. P. E."
358,"Unidade Local de Saúde de Matosinhos, E.P.E."
359,"Unidade Local de Saúde de Matosinhos, EPE"
360,"Unidade Local de Saúde de S. João, E.P.E."
361,"Unidade Local de Saúde de Santa Maria, E. P. E."
362,"Unidade Local de Saúde de Santa Maria, E.P.E."
363,"Unidade Local de Saúde de Santa Maria, EPE"
364,"Unidade Local de Saúde de Santo António, E. P. E."
365,"Unidade Local de Saúde de Santo António, E.P.E."
366,"Unidade Local de Saúde de Santo António, EPE"
367,"Unidade Local de Saúde de São José, E. P. E."
368,"Unidade Local de Saúde de São José, E.P.E."
369,"Unidade Local de Saúde de São José, EPE"
370,"Unidade Local de Saúde de São João, E. P. E."
371,"Unidade Local de Saúde de São João, E.P.E."
372,"Unidade Local de Saúde de São João, EPE"
373,"Unidade Local de Saúde de Trás-os-Montes e Alto Douro, E. P. E."
374,"Unidade Local de Saúde de Trás-os-Montes e Alto Douro, E.P.E."
375,"Unidade Local de Saúde de Trás-os-Montes e Alto Douro, EPE"
376,"Unidade Local de Saúde de Vila Nova de Gaia/Espinho, EPE"
377,"Unidade Local de Saúde de Viseu Dão-Lafões, E. P. E."
378,"Unidade Local de Saúde de Viseu Dão-Lafões, E.P.E."
379,"Unidade Local de Saúde do Alentejo Central, E. P. E."
380,"Unidade Local de Saúde do Alentejo Central, E.P.E."
381,"Unidade Local de Saúde do Alentejo Central, EPE"
382,"Unidade Local de Saúde do Algarve, E. P. E."
383,"Unidade Local de Saúde do Algarve, E.P.E."
384,"Unidade Local de Saúde do Algarve, EPE"
385,"Unidade Local de Saúde do Alto Alentejo, E. P. E."
386,"Unidade Local de Saúde do Alto Alentejo, E.P.E."
387,"Unidade Local de Saúde do Alto Alentejo, EPE"
388,"Unidade Local de Saúde do Alto Ave, E. P. E."
389,"Unidade Local de Saúde do Alto Ave, E.P.E."
390,"Unidade Local de Saúde do Alto Ave, EPE"
391,"Unidade Local de Saúde do Alto Minho, E. P. E."
392,"Unidade Local de Saúde do Alto Minho, E.P.E."
393,"Unidade Local de Saúde do Alto Minho, EPE"
394,"Unidade Local de Saúde do Arco Ribeirinho, E. P. E."
395,"Unidade Local de Saúde do Arco Ribeirinho, E.P.E."
396,"Unidade Local de Saúde do Arco Ribeirinho, EPE"
397,"Unidade Local de Saúde do Baixo Alentejo, E. P. E."
398,"Unidade Local de Saúde do Baixo Alentejo, E.P.E."
399,"Unidade Local de Saúde do Baixo Alentejo, EPE"
400,"Unidade Local de Saúde do Baixo Mondego, E. P. E."
401,"Unidade Local de Saúde do Baixo Mondego, E.P.E."
402,"Unidade Local de Saúde do Baixo Mondego, EPE"
403,"Unidade Local de Saúde do Estuário do Tejo, E. P. E."
404,"Unidade Local de Saúde do Estuário do Tejo, E.P.E."
405,"Unidade Local de Saúde do Estuário do Tejo, EPE"
406,"Unidade Local de Saúde do Litoral Alentejano, E. P. E."
407,"Unidade Local de Saúde do Litoral Alentejano, E.P.E."
408,"Unidade Local de Saúde do Litoral Alentejano, EPE"
409,"Unidade Local de Saúde do Médio Ave, E. P. E."
410,"Unidade Local de Saúde do Médio Ave, E.P.E."
411,"Unidade Local de Saúde do Médio Ave, EPE"
412,"Unidade Local de Saúde do Médio Tejo, E. P. E."
413,"Unidade Local de Saúde do Médio Tejo, E.P.E."
414,"Unidade Local de Saúde do Médio Tejo, EPE"
415,"Unidade Local de Saúde do Nordeste, E. P. E."
416,"Unidade Local de Saúde do Nordeste, E.P.E."
417,"Unidade Local de Saúde do Nordeste, EPE"
418,"Unidade Local de Saúde do Norte Alentejano, E. P. E."
419,"Unidade Local de Saúde do Norte Alentejano, E.P.E."
420,"Unidade Local de Saúde do Norte Alentejano, EPE"
421,"Unidade Local de Saúde do Oeste, E. P. E."
422,"Unidade Local de Saúde do Oeste, E.P.E."
423,"Unidade Local de Saúde do Oeste, EPE"
424,"Unidade Local de Saúde do Tâmega e Sousa, E. P. E."
425,"Unidade Local de Saúde do Tâmega e Sousa, E.P.E."
426,"Unidade Local de Saúde do Tâmega e Sousa, EPE"
