id,entidade
1,"Administracao Regional Saúde Norte, I.P."
2,"Administração Central do Sistema de Saúde, I.P"
3,"Administração Central do Sistema de Saúde, I.P."
4,"Administração Regional De Saúde Do Alentejo, I.P."
5,"Administração Regional De Saúde Do Algarve, I.P."
6,"Administração Regional De Saúde Do Centro, I.P."
7,"Administração Regional Saúde Lisboa Vale Tejo, I.P."
8,"Administração Regional Saúde Norte, I.P."
9,Administração Regional de Saúde de Lisboa e Vale do Tejo
10,Administração Regional de Saúde do Alentejo
11,"Administração Regional de Saúde do Alentejo, I.P."
12,Administração Regional de Saúde do Algarve
13,"Administração Regional de Saúde do Algarve, I.P."
14,Administração Regional de Saúde do Centro
15,Administração Regional de Saúde do Norte
16,"Autoridade Nac. Medicamento Produtos De Saúde, I.P."
17,"Autoridade Nacional Medicamento Produtos de Saúde, I.P."
18,Ação Governativa - MS
19,"CENTRO HOSP. UNIVERSITÁRIO SANTO ANTÓNIO, E.P.E."
20,"Centro Hospitalar Alto Ave, E. P. E."
21,"Centro Hospitalar Barreiro/Montijo, E.P.E."
22,"Centro Hospitalar Entre Douro e Vouga, E.P.E."
23,"Centro Hospitalar Médio Ave, E. P. E."
24,"Centro Hospitalar Médio Ave, EPE"
25,"Centro Hospitalar Médio Tejo, E. P. E."
26,"Centro Hospitalar Médio Tejo, E.P.E."
27,"Centro Hospitalar Médio Tejo, EPE"
28,Centro Hospitalar Psiquiátrico de Lisboa
29,"Centro Hospitalar Psiquiátrico de Lisboa, SPA"
30,"Centro Hospitalar Póvoa Varzim / Vila do Conde, E. P. E."
31,"Centro Hospitalar Póvoa Varzim / Vila do Conde, EPE"
32,"Centro Hospitalar Póvoa de Varzim/Vila do Conde, E.P.E."
33,"Centro Hospitalar Tondela-Viseu, E. P. E."
34,"Centro Hospitalar Tondela-Viseu, E.P.E."
35,"Centro Hospitalar Tondela-Viseu, EPE"
36,"Centro Hospitalar Trás-os-Montes e Alto Douro, E. P. E."
37,"Centro Hospitalar Trás-os-Montes e Alto Douro, E.P.E."
38,"Centro Hospitalar Trás-os-Montes e Alto Douro, EPE"
39,"Centro Hospitalar Tâmega e Sousa, E.P.E."
40,"Centro Hospitalar Universitário Cova da Beira, E. P. E."
41,"Centro Hospitalar Universitário Cova da Beira, E.P.E."
42,"Centro Hospitalar Universitário Cova da Beira, EPE"
43,"Centro Hospitalar Universitário Lisboa Central, E.P.E."
44,"Centro Hospitalar Universitário Lisboa Norte, E. P. E."
45,"Centro Hospitalar Universitário Lisboa Norte, EPE"
46,"Centro Hospitalar Universitário de Lisboa Central, E. P. E."
47,"Centro Hospitalar Universitário de Lisboa Central, EPE"
48,"Centro Hospitalar Universitário de Lisboa Norte, E.P.E."
49,"Centro Hospitalar Universitário de Santo António, E. P. E."
50,"Centro Hospitalar Universitário de Santo António, EPE"
51,"Centro Hospitalar Universitário de São João, E. P. E."
52,"Centro Hospitalar Universitário de São João, E.P.E."
53,"Centro Hospitalar Universitário de São João, EPE"
54,Centro Hospitalar Universitário do Algarve
55,"Centro Hospitalar Universitário do Algarve, E.P.E"
56,"Centro Hospitalar Universitário do Porto, E. P. E."
57,"Centro Hospitalar Universitário do Porto, E.P.E."
58,"Centro Hospitalar Universitário do Porto, EPE"
59,"Centro Hospitalar Vila Nova Gaia/Espinho, E. P. E."
60,"Centro Hospitalar Vila Nova Gaia/Espinho, EPE"
61,"Centro Hospitalar Vila Nova de Gaia/Espinho, E.P.E."
62,"Centro Hospitalar de Entre o Douro e Vouga, E. P. E."
63,"Centro Hospitalar de Entre o Douro e Vouga, EPE"
64,"Centro Hospitalar de Leiria, E. P. E."
65,"Centro Hospitalar de Leiria, E.P.E."
66,"Centro Hospitalar de Leiria, EPE"
67,"Centro Hospitalar de Lisboa - Zona Ocidental, E. P. E."
68,"Centro Hospitalar de Lisboa - Zona Ocidental, EPE"
69,"Centro Hospitalar de Lisboa Ocidental, E.P.E."
70,"Centro Hospitalar de Setúbal, E. P. E."
71,"Centro Hospitalar de Setúbal, E.P.E."
72,"Centro Hospitalar de Setúbal, EPE"
73,"Centro Hospitalar do Alto Ave, EPE"
74,"Centro Hospitalar do Baixo Vouga, E. P. E."
75,"Centro Hospitalar do Baixo Vouga, E.P.E."
76,"Centro Hospitalar do Baixo Vouga, EPE"
77,"Centro Hospitalar do Barreiro - Montijo, E. P. E."
78,"Centro Hospitalar do Barreiro - Montijo, EPE"
79,"Centro Hospitalar do Médio Ave, E.P.E."
80,"Centro Hospitalar do Oeste, E. P. E."
81,"Centro Hospitalar do Oeste, E.P.E."
82,"Centro Hospitalar do Oeste, EPE"
83,"Centro Hospitalar do Oeste, SPA"
84,"Centro Hospitalar do Tâmega e Sousa, E. P. E."
85,"Centro Hospitalar do Tâmega e Sousa, EPE"
86,"Centro Hospitalar e Universitário de Coimbra, E. P. E."
87,"Centro Hospitalar e Universitário de Coimbra, E.P.E."
88,"Centro Hospitalar e Universitário de Coimbra, EPE"
89,Centro Medicina de Reabilitação da Região Centro Rovisco Pais
90,"DIREÇÃO EXECUTIVA DO SERVIÇO NACIONAL DE SAÚDE,I.P"
91,"DIREÇÃO EXECUTIVA DO SNS, I.P."
92,"Direção Executiva do SNS, I.P."
93,"Direção Executiva do Serviço Nacional de Saúde, I.P."
94,Direção-Geral da Saúde
95,"HOSPITAL DE LOURES, E.P.E."
96,Hospital Arcebispo João Crisóstomo
97,Hospital Arcebispo João Crisóstomo - Cantanhede
98,"Hospital Beatriz Ângelo, E.P.E."
99,"Hospital De Vila Franca De Xira, E.P.E."
100,"Hospital Distrital Figueira da Foz, E. P. E."
101,"Hospital Distrital Figueira da Foz, EPE"
102,"Hospital Distrital S.Maria Maior, E. P. E. - Barcelos"
103,"Hospital Distrital S.Maria Maior, EPE - Barcelos"
104,"Hospital Distrital Santarém, E. P. E."
105,"Hospital Distrital Santarém, EPE"
106,"Hospital Distrital da Figueira da Foz, E.P.E."
107,"Hospital Distrital de Santarém, E.P.E."
108,Hospital Dr. Francisco Zagalo
109,Hospital Dr. Francisco Zagalo - Ovar
110,"Hospital Espírito Santo de Évora, E. P. E."
111,"Hospital Espírito Santo de Évora, E.P.E."
112,"Hospital Espírito Santo de Évora, EPE"
113,"Hospital Fernando Fonseca, E. P. E."
114,"Hospital Fernando Fonseca, EPE"
115,"Hospital Garcia de Orta, E. P. E. - Almada"
116,"Hospital Garcia de Orta, E.P.E."
117,"Hospital Garcia de Orta, EPE - Almada"
118,Hospital José Luciano de Castro - Anadia
119,"Hospital Professor Doutor Fernando Fonseca, E.P.E."
120,Hospital Rovisco Pais
121,"Hospital Santa Maria Maior, E.P.E."
122,"Hospital da Senhora da Oliveira Guimarães, E. P. E."
123,"Hospital da Senhora da Oliveira Guimarães, EPE"
124,"Hospital da Senhora da Oliveira, Guimarães, E.P.E."
125,"Hospital de Braga, E. P. E."
126,"Hospital de Braga, E.P.E."
127,"Hospital de Braga, EPE"
128,"Hospital de Loures, E. P. E."
129,"Hospital de Loures, EPE"
130,"Hospital de Magalhães Lemos, E. P. E."
131,"Hospital de Magalhães Lemos, E.P.E."
132,"Hospital de Magalhães Lemos, EPE"
133,"Hospital de Vila Franca de Xira, E. P. E."
134,"Hospital de Vila Franca de Xira, E.P.E."
135,"Hospital de Vila Franca de Xira, EPE"
136,"INSTITUTO PORTUGUES DE ONCOLOGIA DE COIMBRA, EPE"
137,"INSTITUTO PORTUGUES DE ONCOLOGIA DE LISBOA, EPE"
138,"INSTITUTO PORTUGUES DE ONCOLOGIA DO PORTO, EPE"
139,Inspeção Geral das Actividades da Saúde
140,Inspeção Geral das Atividades da Saúde
141,"Inst.port.onc.francisco Gentil-Coimbra, E.P.E."
142,"Inst.port.oncologia De Lisboa-franc.gentil, E.P.E."
143,Instituto Nacional De Emergência Médica
144,"Instituto Nacional De Saúde Dr Ricardo Jorge, I.P."
145,Instituto Nacional Saúde Dr. Ricardo Jorge - Lisboa
146,Instituto Nacional de Emergência Médica
147,"Instituto Nacional de Saúde Dr. Ricardo Jorge, I.P."
148,"Instituto Para Os Comportamentos Aditivos E As Dependências, I.P."
149,"Instituto Port.oncologia Do Porto, E.P.E."
150,"Instituto Portug. Do Sangue E Da Transplantação,I.P."
151,"Instituto Português Do Sangue e Da Transplantação, IP"
152,"Instituto Português Oncologia de Coimbra, E.P.E."
153,"Instituto Português Oncologia de Lisboa, E.P.E."
154,"Instituto Português Oncologia do Porto, E.P.E."
155,"Instituto Português de Oncologia de Coimbra, E. P. E."
156,"Instituto Português de Oncologia de Coimbra, EPE"
157,"Instituto Português de Oncologia de Lisboa, E. P. E."
158,"Instituto Português de Oncologia de Lisboa, EPE"
159,"Instituto Português de Oncologia do Porto, E. P. E."
160,"Instituto Português de Oncologia do Porto, EPE"
161,"Instituto Português do Sangue e da Transplantação, I.P."
162,Instituto de Oftalmologia Dr. Gama Pinto
163,"Instituto para os Comportamentos Aditivos e as DE. P. E.ndências, I. P."
164,"Instituto para os Comportamentos Aditivos e as Dependências, I. P."
165,Secretaria-Geral do Ministério da Saúde
166,Secretaria-geral Do Ministério Da Saúde
167,Serviço de Intervenção Comportamentos Aditivos e Dependências
168,"Serviços Partilhados Do Ministério Da Saúde, E.P.E."
169,"Serviços Partilhados do Ministério da Saúde, E.P.E."
170,"UNIDADE LOCAL DE SAUDE DE CASTELO BRANCO, EPE"
171,"UNIDADE LOCAL DE SAUDE DO LITORAL ALENTEJANO, EPE"
172,"UNIDADE LOCAL DE SAUDE DO NORDESTE, EPE"
173,"UNIDADE LOCAL DE SAÚDE ALTO MINHO, EPE"
174,"UNIDADE LOCAL DE SAÚDE DA GUARDA, EPE"
175,"UNIDADE LOCAL DE SAÚDE DE AMADORA / SINTRA, E.P.E."
176,"UNIDADE LOCAL DE SAÚDE DE BRAGA, E.P.E."
177,"UNIDADE LOCAL DE SAÚDE DE LOURES / ODIVELAS, E.P.E."
178,"UNIDADE LOCAL DE SAÚDE DE MATOSINHOS, EPE"
179,"UNIDADE LOCAL DE SAÚDE DE SANTO ANTÓNIO, E.P.E."
180,"UNIDADE LOCAL DE SAÚDE DO ESTUÁRIO DO TEJO, E.P.E."
181,"UNIDADE LOCAL DO BAIXO ALENTEJO, EPE"
182,"Unidade Local De Saúde Da Arrábida, E.P.E."
183,"Unidade Local De Saúde Da Cova Da Beira, E.P.E."
184,"Unidade Local De Saúde Da Guarda, E.P.E."
185,"Unidade Local De Saúde Da Lezíria, E.P.E."
186,"Unidade Local De Saúde Da Póvoa De Varzim / Vila Do Conde, E.P.E."
187,"Unidade Local De Saúde Da Região De Aveiro, E.P.E."
188,"Unidade Local De Saúde Da Região De Leiria, E.P.E."
189,"Unidade Local De Saúde De Almada / Seixal, E.P.E."
190,"Unidade Local De Saúde De Amadora / Sintra, E.P.E."
191,"Unidade Local De Saúde De Barcelos / Esposende, E.P.E."
192,"Unidade Local De Saúde De Castelo Branco, E.P.E."
193,"Unidade Local De Saúde De Coimbra, E.P.E."
194,"Unidade Local De Saúde De Entre Douro E Vouga, E.P.E."
195,"Unidade Local De Saúde De Gaia / Espinho, E.P.E."
196,"Unidade Local De Saúde De Lisboa Ocidental, E.P.E."
197,"Unidade Local De Saúde De Santa Maria, E.P.E."
198,"Unidade Local De Saúde De São José, E.P.E."
199,"Unidade Local De Saúde De São João, E.P.E."
200,"Unidade Local De Saúde De Trás-os-montes E Alto Douro, E.P.E."
201,"Unidade Local De Saúde De Viseu Dão-Lafões, E.P.E."
202,"Unidade Local De Saúde Do Alentejo Central, E.P.E."
203,"Unidade Local De Saúde Do Algarve, E.P.E."
204,"Unidade Local De Saúde Do Alto Alentejo, E.P.E."
205,"Unidade Local De Saúde Do Alto Ave, E.P.E."
206,"Unidade Local De Saúde Do Alto Minho, E.P.E."
207,"Unidade Local De Saúde Do Arco Ribeirinho, E.P.E."
208,"Unidade Local De Saúde Do Baixo Alentejo, E.P.E."
209,"Unidade Local De Saúde Do Baixo Mondego, E.P.E."
210,"Unidade Local De Saúde Do Médio Ave, E.P.E."
211,"Unidade Local De Saúde Do Médio Tejo, E.P.E."
212,"Unidade Local De Saúde Do Nordeste, E.P.E."
213,"Unidade Local De Saúde Do Oeste, E.P.E."
214,"Unidade Local De Saúde Do Tâmega E Sousa, E.P.E."
215,"Unidade Local De Saúde Litoral Alentejano, E.P.E."
216,"Unidade Local Saúde De Matosinhos, E.P.E."
217,"Unidade Local de Saúde Alto Minho, E. P. E."
218,"Unidade Local de Saúde Litoral Alentejano, E. P. E."
219,"Unidade Local de Saúde Póvoa de Varzim/Vila do Conde, E. P. E."
220,"Unidade Local de Saúde da Arrábida, E. P. E."
221,"Unidade Local de Saúde da Cova da Beira, E. P. E."
222,"Unidade Local de Saúde da Guarda, E. P. E."
223,"Unidade Local de Saúde da Guarda, E.P.E."
224,"Unidade Local de Saúde da Guarda, EPE"
225,"Unidade Local de Saúde da Lezíria, E. P. E"
226,"Unidade Local de Saúde da Região de Aveiro, E. P. E."
227,"Unidade Local de Saúde da Região de Leiria, E. P. E."
228,"Unidade Local de Saúde de Almada-Seixal, E. P. E."
229,"Unidade Local de Saúde de Amadora/Sintra, E. P. E."
230,"Unidade Local de Saúde de Barcelos/Esposende, E. P. E."
231,"Unidade Local de Saúde de Braga, E. P. E."
232,"Unidade Local de Saúde de Castelo Branco, E. P. E."
233,"Unidade Local de Saúde de Castelo Branco, E.P.E."
234,"Unidade Local de Saúde de Castelo Branco, EPE"
235,"Unidade Local de Saúde de Coimbra, E. P. E."
236,"Unidade Local de Saúde de Entre Douro e Vouga, E. P. E."
237,"Unidade Local de Saúde de Gaia/Espinho, E. P. E."
238,"Unidade Local de Saúde de Lisboa Ocidental, E. P. E."
239,"Unidade Local de Saúde de Loures-Odivelas, E. P. E."
240,"Unidade Local de Saúde de Matosinhos, E. P. E."
241,"Unidade Local de Saúde de Matosinhos, E.P.E."
242,"Unidade Local de Saúde de Matosinhos, EPE"
243,"Unidade Local de Saúde de Santa Maria, E. P. E."
244,"Unidade Local de Saúde de Santo António, E. P. E."
245,"Unidade Local de Saúde de São José, E. P. E."
246,"Unidade Local de Saúde de São João, E. P. E."
247,"Unidade Local de Saúde de Trás-os-Montes e Alto Douro, E. P. E."
248,"Unidade Local de Saúde de Viseu Dão-Lafões, E. P. E."
249,"Unidade Local de Saúde do Alentejo Central, E. P. E."
250,"Unidade Local de Saúde do Algarve, E. P. E."
251,"Unidade Local de Saúde do Alto Alentejo, E. P. E."
252,"Unidade Local de Saúde do Alto Ave, E. P. E."
253,"Unidade Local de Saúde do Alto Minho, E. P. E."
254,"Unidade Local de Saúde do Alto Minho, E.P.E."
255,"Unidade Local de Saúde do Alto Minho, EPE"
256,"Unidade Local de Saúde do Arco Ribeirinho, E. P. E."
257,"Unidade Local de Saúde do Baixo Alentejo, E. P. E."
258,"Unidade Local de Saúde do Baixo Alentejo, E.P.E."
259,"Unidade Local de Saúde do Baixo Alentejo, EPE"
260,"Unidade Local de Saúde do Baixo Mondego, E. P. E."
261,"Unidade Local de Saúde do Estuário do Tejo, E. P. E."
262,"Unidade Local de Saúde do Litoral Alentejano, E. P. E."
263,"Unidade Local de Saúde do Litoral Alentejano, E.P.E."
264,"Unidade Local de Saúde do Litoral Alentejano, EPE"
265,"Unidade Local de Saúde do Médio Ave, E. P. E."
266,"Unidade Local de Saúde do Médio Tejo, E. P. E."
267,"Unidade Local de Saúde do Nordeste, E. P. E."
268,"Unidade Local de Saúde do Nordeste, E.P.E."
269,"Unidade Local de Saúde do Nordeste, EPE"
270,"Unidade Local de Saúde do Norte Alentejano, E. P. E."
271,"Unidade Local de Saúde do Norte Alentejano, E.P.E."
272,"Unidade Local de Saúde do Norte Alentejano, EPE"
273,"Unidade Local de Saúde do Oeste, E. P. E."
274,"Unidade Local de Saúde do Tâmega e Sousa, E. P. E."
