code,name,description,category,use_case,records,formats
nama_10r_3gdp,regional_gdp_by_nuts,Gross domestic product (GDP) at current market prices by NUTS 3 regions,Economics,Regional economic context for hospital analysis,956,"JSON, CSV, XLSX, Parquet"
hlth_rs_bdsrg2,hospital_beds_by_region,Available beds in hospitals by NUTS 2 regions,Healthcare,Hospital capacity and infrastructure,800,"JSON, CSV, XLSX, Parquet"
hlth_rs_physreg,physicians_by_region,Practising physicians by NUTS 2 regions,Healthcare,Healthcare workforce availability,1029,"JSON, CSV, XLSX, Parquet"
hlth_cd_asdr2,mortality_rate_by_region,Causes of death - standardised death rate by NUTS 2 region,Health Outcomes,Population health status,88982,"JSON, CSV, XLSX, Parquet"
demo_mlexpec,life_expectancy,Life expectancy by age and sex,Demographics,Population health outcomes,8897,"JSON, CSV, XLSX, Parquet"
demo_r_pjangrp3,population_by_age_sex_region,"Population on 1 January by age group, sex and NUTS 3 region",Demographics,Case-mix adjustment and demand forecasting,39577,"JSON, CSV, XLSX, Parquet"
demo_r_find3,fertility_indicators_regional,Fertility indicators by NUTS 3 region,Demographics,Birth trends and maternity services demand,1578,"JSON, CSV, XLSX, Parquet"
nama_10r_3empers,employment_by_region,"Employment by sex, age and NUTS 3 region",Economics,Regional employment context,34781,"JSON, CSV, XLSX, Parquet"
lfst_r_lfu3rt,unemployment_rate_regional,Unemployment rate by NUTS 3 regions,Economics,Economic distress indicator,29401,"JSON, CSV, XLSX, Parquet"
